cast,director,opening_date,opening_year,title
"Jatin Khurana,Ameesha Patel,Angela Krislinzki",Akashaditya Lama,2024-01-05,2024,Tauba Tera Jalwa
"Katrina Kaif,Vijay Sethupathi",Sriram Raghavan,2024-01-12,2024,Merry Christmas[a]
Pankaj Tripathi,Ravi Jadhav,2024-01-19,2024,Main Atal Hoon
"Aadil Khan,Vardhan Puri,Monica Chaudhary",Shantanu Anant Tambe,2024-01-19,2024,Dashmi
"Deepika Padukone,Hrithik Roshan,Anil Kapoor",Siddharth Anand,2024-01-25,2024,Fighter
"Nawazuddin Siddiqui,Regina Cassandra",Rasikh Khan,2024-02-02,2024,Section 108
"Shahid Kapoor,Kriti Sanon,Dharmendra,Dimple Kapadia","Amit Joshi,Aradhana Sah",2024-02-09,2024,Untitled film
"Akshay Kumar,Paresh Rawal,Radhika Madan",Sudha Kongara,2024-02-16,2024,Untitled Soorarai Pottru Remake
,Dibakar Banerjee,2024-02-16,2024,Love Sex Aur Dhokha 2
"Varun Tej,Manushi Chhillar,Mir Sarwar",Shakti Pratap Singh Hada,2024-02-16,2024,Operation Valentine[b]
"Vicky Kaushal,Ammy Virk,Tripti Dimri",Anand Tiwari,2024-02-23,2024,Mere Mehboob Mere Sanam
"Vidyut Jammwal,Nora Fatehi,Arjun Rampal,Amy Jackson",Aditya Datt,2024-02-23,2024,Crakk
"Ravi Kishan,Nitanshi Goel,Pratibha Ranta,Sparsh Shrivastava,Chhaya Kadam",Kiran Rao,2024-03-01,2024,Laapataa Ladies
"Ajay Devgn,R. Madhavan,Jyothika",Vikas Bahl,2024-03-08,2024,Untitled film (Remake of Vash)
"Sidharth Malhotra,Disha Patani,Raashii Khanna","Sagar Ambre,Pushkar Ojha",2024-03-15,2024,Yodha
"Tabu,Kareena Kapoor Khan,Kriti Sanon,Diljit Dosanjh",Rajesh Krishnan,2024-03-22,2024,The Crew
"Aditya Roy Kapur,Sara Ali Khan,Anupam Kher,Neena Gupta,Pankaj Tripathi,Konkona Sen Sharma,Ali Fazal,Fatima Sana Shaikh",Anurag Basu,2024-03-29,2024,Metro... In Dino
"Abhay Verma,Sharvari Wagh,Mona Singh",Aditya Sarpotdar,2024-03-29,2024,Munjhya
"Akshay Kumar,Tiger Shroff,Prithviraj Sukumaran,Sonakshi Sinha,Manushi Chhillar,Alaya F",Ali Abbas Zafar,2024-04-11,2024,Bade Miyan Chote Miyan
"Rajkummar Rao,Janhvi Kapoor",Sharan Sharma,2024-04-19,2024,Mr And Mrs Mahi
"John Abraham,Manushi Chhillar,Neeru Bajwa",Arun Gopalan,2024-04-26,2024,Tehran
"Ajay Devgn,Tabu,Jimmy Sheirgill,Saiee Manjrekar,Shantanu Maheshwari",Neeraj Pandey,2024-04-26,2024,Auron Mein Kahan Dum Tha!
"Rajkummar Rao,Jyothika,Alaya F,Sharad Kelkar",Tushar Hiranandani,2024-05-10,2024,Sri
Kartik Aaryan,Kabir Khan,2024-06-14,2024,Chandu Champion
,,2024-07-01,2024,
"Deepika Padukone,Tiger Shroff,Arjun Kapoor,Ajay Devgn,Akshay Kumar,Kareena Kapoor Khan,Ranveer Singh",Rohit Shetty,2024-08-15,2024,Singham Again
"Shraddha Kapoor,Rajkummar Rao,Aparshakti Khurana,Pankaj Tripathi,Abhishek Banerjee",Amar Kaushik,2024-08-30,2024,Stree 2
"Alia Bhatt,Vedang Raina",Vasan Bala,2024-09-27,2024,Jigra
"Akshay Kumar,Veer Pahariya","Sandeep Kelwani,Abhishek Kapur",2024-10-02,2024,Sky Force
"Shahid Kapoor,Pooja Hegde",Rosshan Andrrews,2024-10-11,2024,Deva
"Himesh Reshammiya,Prabhu Deva",Himesh Reshammiya,2024-10-11,2024,Badass Ravikumar
Kartik Aaryan,Anees Bazmee,2024-11-01,2024,Bhool Bhulaiyaa 3
"Ajay Devgn,Vaani Kapoor",Raj Kumar Gupta,2024-11-15,2024,Raid 2
"Vicky Kaushal,Rashmika Mandanna",Laxman Utekar,2024-12-06,2024,Chhaava
"Akshay Kumar,Sanjay Dutt,Suniel Shetty,Raveena Tandon,Lara Dutta,Jacqueline Fernandez,Disha Patani,Vrihi Kodvara,Arshad Warsi,Paresh Rawal,Johnny Lever,Rajpal Yadav,Tusshar Kapoor,Shreyas Talpade,Krushna Abhishek,Kiku Sharda,Daler Mehndi,Mika Singh,Rahul Dev,Mukesh Tiwari,Sharib Hashmi,Inaamulhaq,Zakir Hossain,Yashpal Sharma",Ahmed Khan,2024-12-20,2024,Welcome To The Jungle
"Arjun Rampal,Manav Kaul,Madhoo,Anand Tiwari,Samreen Kaur",Bugs Bhargava Krishna,2021-01-01,2021,Nail Polish
"Naseeruddin Shah,Vinay Pathak,Vikrant Massey,Konkona Sen Sharma,Vineet Kumar,Manoj Pahwa,Parambrata Chattopadhyay,Supriya Pathak,Deepika Amin,Ninad Kamat",Seema Pahwa,2021-01-01,2021,Ramprasad Ki Tehrvi
"Pankaj Tripathi,Monal Gajjar,Amar Upadhyay,Tina Ahuja,Lankesh Bhardwaj",Satish Kaushik,2021-01-07,2021,Kaagaz
"Mithun Chakraborty,Makarand Deshpande,Flora Saini,Manav Kaul,Krishna Gautam",Ram Gopal Varma,2021-01-08,2021,12 'O' Clock
"Vidyut Jammwal,Shruti Haasan,Mahesh Manjrekar,Zakir Hussain,Sachin Khedekar,Jisshu Sengupta,Prateik Babbar,Yuvika Chaudhary",Mahesh Manjrekar,2021-01-14,2021,The Power
"Ankit Rathi,Jahavi Dhanrajgir,Preeti Nigam,Adnan Sajid Khan",Tarun Dhanrajgir,2021-01-15,2021,Bolo Hau
"Kajol,Tanvi Azmi,Mithila Palkar,Kunaal Roy Kapur,Vaibhav Tatwawaadi,Manav Gohil,Kanwaljit Singh",Renuka Shahane,2021-01-15,2021,Tribhanga
"Raghubir Yadav,Shweta Basu Prasad,Sunny Hinduja,Saurabh Goyal,Krishna Singh Bisht,Bijou Thaangjam,Susheel Parashar",Gaurav Mehra,2021-01-21,2021,Jamun
"Richa Chadda,Manav Kaul,Akshay Oberoi,Saurabh Shukla",Subhash Kapoor,2021-01-22,2021,Madam Chief Minister
"Pawan Waval,Richa Kalra,Prateek Goyal,Shubham Srivastav,Mahmood Hashmi,Prem Sagar Singh,Mishti Singh",Nitesh Tiwari,2021-01-22,2021,Machaan
"Shiva Suryavanshi,Sheetal Singh,Kritika Singh,Chandrabhushan Singh",Aditya Om,2021-01-29,2021,Maassab
"Amyth Sethi,Sana Amin Sheikh,Govind Namdeo",Suvendu Raj Ghosh,2021-01-29,2021,Main Mulayam Singh Yadav
"Anup Jalota,Jackie Shroff",Vicky Ranawat,2021-01-29,2021,Satya Sai Baba
"Richa Chadha,Karishma Tanna,Arunoday Singh",Kunal Kohli,2021-02-04,2021,Lahore Confidential
"Vikram Mastal,Madhumita Bishwas,Gehana Vasisth",Ajay Ram,2021-02-12,2021,Sakshi
"Aahana Kumra,Rumana Molla,Vikram Koccher,Niki Walia,Sohaila Kapoor",Kartik Ramalingam,2021-02-14,2021,Bawri Chhori
"Anmol Dhillon,Jhataleka Malhotra,Zoa Morani,Reem Sheikh,Ibraheem Choudhry,Niki Walia,Parmeet Sethi",Taranveer Singh,2021-02-19,2021,Tuesdays and Fridays
"Vinamarjot Singh Wraich,Money Sabharwal,Mridula Mahajan",Parvinder Singh Wraich,2021-02-19,2021,Tank Cleaner
"Parineeti Chopra,Aditi Rao Hydari,Kirti Kulhari,Avinash Tiwary",Ribhu Dasgupta,2021-02-26,2021,The Girl on the Train
"Cyli Khare,Amit Deondi,Anurag Kashyap,Makrand Deshpande",Gitanjali Rao,2021-03-08,2021,Bombay Rose
"Rajkummar Rao,Janhvi Kapoor,Varun Sharma",Hardik Mehta,2021-03-11,2021,Roohi
"Sharman Joshi,Vikram Singh,Bidita Bag,Mugdha Godse,Zarina Wahab,Shishir Sharma",Aaryaan Saxena,2021-03-11,2021,Mera Fauji Calling
"Sooraj Pancholi,Isabelle Kaif,Waluscha De Sousa",Stanley D'Costa,2021-03-12,2021,Time to Dance
"Arif Zakaria,Abuli Mamaji,Niharika Singh,Plabita Borthakur,Rajit Kapur",Nikhil Pherwani,2021-03-19,2021,Ahaan
"John Abraham,Emraan Hashmi,Suniel Shetty,Kajal Aggarwal,Prateik Babbar,Rohit Roy,Anjana Sukhani,Samir Soni,Amole Gupte,Gulshan Grover,Mahesh Manjrekar",Sanjay Gupta,2021-03-19,2021,Mumbai Saga
"Arjun Kapoor,Parineeti Chopra",Dibakar Banerjee,2021-03-19,2021,Sandeep Aur Pinky Faraar
"Gurmeet Choudhary,Sayani Datta",Sarmad Khan,2021-03-19,2021,The Wife
"Vikrant Massey,Naren Kumar,Madhu Sneha,Tanvi Vyas,Veer Aryan,Niten Mirani",Mustufa Raj,2021-03-21,2021,Switchh
"Ashwat Kanth Sharma.,Abhilash Chaudhary,Pranay Dixit,Rudra Kanth,Naina Ganguly,Irra Mor",Ram Gopal Varma,2021-03-26,2021,D Company
"Sanya Malhotra,Shruti Sharma,Sayani Gupta,Ashutosh Rana,Raghubir Yadav,Rajesh Tailang,Sheeba Chaddha,Meghna Malik",Umesh Bist,2021-03-26,2021,Pagglait
"Rajpal Yadav,Heena Panchal,Milind Gunaji,Mohan Joshi,Yashpal Sharma,Rakesh Bedi,Sudha Chandran,Mushtaq Khan,Bharti Soni",Arvind Tripathi,2021-03-26,2021,Raag
"Parineeti Chopra,Manav Kaul,Paresh Rawal",Amole Gupte,2021-03-26,2021,Saina
"Manoj Bajpayee,Prachi Desai,Arjun Mathur,Sahil Vaid,Vaquar,Barkha Singh,Shirish Sharma,Sohaila Kapoor,Amit Thakkar,Garima Yagnik",Aban Bharucha Deohans,2021-03-26,2021,Silence... Can You Hear It?
,,2021-03-01,2021,
"Mohit Chadda,Pavan Malhotra,Zakir Hussain,Vivek Vaswani,Shibani Bedi,Pritam Singh",Suraj Joshi,2021-04-02,2021,Flight
"Kunal Kapoor,Amyra Dastur",Amin Hajee,2021-04-02,2021,Koi Jaane Na
"Abhishek Bachchan,Ileana D'Cruz,Sohum Shah,Nikita Dutta",Kookie Gulati,2021-04-08,2021,The Big Bull
"Aadar Jain,Jackie Shroff,Elnaaz Norouzi,Shlokka Pandit",Pankaj Saraswat,2021-04-09,2021,Hello Charlie
"Ehan Bhat,Edilsy Vargas,Tenzin Dalha,Aditya Seal,Lisa Ray,Manisha Koirala",Vishwesh Krishnamoorthy,2021-04-16,2021,99 Songs[b]
"Dev Sharma,Smriti Kashyap,Mukul Nag,Rakesh Shrivastav,Sanjeeb Dasgupta",Rajesh Harivansh Mishra,2021-04-16,2021,Aa Bhi Ja O Piya
"Fatima Sana Shaikh,Jaideep Ahlawat,Nushrratt Bharuccha,Abhishek Banerjee,Inayat Verma,Konkona Sen Sharma,Aditi Rao Hydari,Shefali Shah,Manav Kaul,Tota Roy Chowdhury","Shashank Khaitan,Raj Mehta,Neeraj Ghaywan,Kayoze Irani",2021-04-16,2021,Ajeeb Daastaans
"Anurag Kashyap,Rituparna Sengupta,Upendra Limaye",Hari Viswanath,2021-04-16,2021,Bansuri: The Flute
"Paoli Dam,Anup Soni,Rahul Dev,Dipannita Sharma",Avinash Das,2021-04-16,2021,Raat Baaki Hai
"Sunny Sachdeva,Ankita Chouhan,Armaan Sandhu,Ankita Sahu,Arjun Fauzdar,Namish Anand,Amanda Bhogal,Yash Gulati",Narendra Singh,2021-05-01,2021,B.A. Pass 3
"Suvinder Vicky,Lakshvir Saran",Ivan Ayr,2021-05-07,2021,Meel Patthar
"Zareen Khan,Anshuman Jha,Gurfateh Pirzada,Jahnvi Rawat,Denzil Smith",Harish Vyas,2021-05-09,2021,Hum Bhi Akele Tum Bhi Akele
"Salman Khan,Disha Patani,Jackie Shroff,Randeep Hooda,Megha Akash",Prabhu Deva,2021-05-13,2021,Radhe
"Arjun Kapoor,Rakul Preet Singh,Neena Gupta,John Abraham,Aditi Rao Hydari,Soni Razdan,Kanwaljit Singh,Kumud Mishra",Kaashvie Nair,2021-05-18,2021,Sardar Ka Grandson
"Kirti Kulhari,Medha Shankar,Nivedita Bhattacharya",Raj Singh Chaudhary,2021-06-11,2021,Shaadisthan
"Rachel Sanchita Gupta,Shraddha Gaikwad,Amrit Maghera,Waheeda Rehman",Manjari Makijany,2021-06-11,2021,Skater Girl
"Vidya Balan,Sharat Saxena,Mukul Chaddha,Vijay Raaz,Ila Arun,Brijendra Kala,Neeraj Kabi",Amit V. Masurkar,2021-06-18,2021,Sherni
"Taapsee Pannu,Vikrant Massey,Harshvardhan Rane",Vinil Mathew,2021-07-02,2021,Haseen Dillruba
"Vijay Raaz,Sanjay Mishra,Amol Parashar,Barkha Singh,Ashwini Kalsekar",Ram Ramesh Sharm,2022-01-21,2022,36 Farmhouse
"Jimmy Sheirgill,Asha Negi,Rajshri Deshpande",Dnyanesh Zoting,2021-07-09,2021,Collar Bomb
"Akshaye Khanna,Abhimanyu Singh,Gautam Rode,Vivek Dahiya,Akshay Oberoi,Parvin Dabas,Samir Soni,Mir Sarwar,Manjari Fadnis",Ken Ghosh,2021-07-09,2021,State of Siege: Temple Attack
"Farhan Akhtar,Paresh Rawal,Mrunal Thakur",Rakeysh Omprakash Mehra,2021-07-16,2021,Toofaan
"Vikrant Massey,Kriti Kharbanda",Devanshu Singh,2021-07-23,2021,14 Phere
"Paresh Rawal,Shilpa Shetty,Meezaan Jafri,Pranitha Subhash,Rajpal Yadav,Tiku Talsania,Ashutosh Rana,Manoj Joshi,Johny Lever",Priyadarshan,2021-07-23,2021,Hungama 2
"Kriti Sanon,Pankaj Tripathi,Sai Tamhankar,Manoj Pahwa,Supriya Pathak",Laxman Utekar,2021-07-26,2021,Mimi
"Manoj Bajpayee,Neena Gupta,Sakshi Tanwar",Rensil D'Silva,2021-08-06,2021,Dial 100
"Ruslaan Mumtaz,Kulraj Randhawa",Vikram Singh,2021-08-06,2021,Oye Mamu
"Sidharth Malhotra,Kiara Advani,Shiv Panditt,Raj Arjun,Pranay Pachauri,Himmanshoo A. Malhotra,Nikitin Dheer,Ankita Goraya,Anil Charanjeett,Sahil Vaid,Shataf Figar,Pawan Chopra",Vishnuvardhan,2021-08-12,2021,Shershaah
"Ajay Devgn,Sanjay Dutt,Sharad Kelkar,Sonakshi Sinha,Ammy Virk,Pranitha Subhash,Nora Fatehi,Ihana Dhillon",Abhishek Dudhaiya,2021-08-13,2021,Bhuj: The Pride of India
"Akshay Kumar,Vaani Kapoor,Huma Qureshi,Lara Dutta",Ranjit M Tewari,2021-08-19,2021,Bell Bottom
"Amol Palekar,Barun Sobti,Rinku Rajguru,Sahil Khattar,Saloni Batra,Indraneil Sengupta,Upendra Limaye",Sarthak Dasgupta,2021-08-20,2021,200 – Halla Ho
"Amitabh Bachchan,Emraan Hashmi,Krystle D'Souza,Rhea Chakraborty,Siddhanth Kapoor,Annu Kapoor,Dhritiman Chatterjee,Raghubir Yadav",Rumi Jafry,2021-08-27,2021,Chehre
"Aparshakti Khurana,Pranutan Bahl,Abhishek Banerjee,Ashish Verma,Dino Morea,Sharib Hashmi",Satramm Ramani,2021-09-03,2021,Helmet
"Faisal Khan,Roaleey Ryan,Rajkumar Kanojia,Ribbhu Mehra,Sharad Singh,Asha Singh",Faisal Khan,2021-09-03,2021,Faactory
"Saif Ali Khan,Arjun Kapoor,Jacqueline Fernandez,Yami Gautam,Javed Jaffrey",Pavan Kirpalani,2021-09-10,2021,Bhoot Police
"Jassie Gill,Surbhi Jyoti,Surekha Sikri,Vijay Raaz,Brijendra Kala,Atul Shrivastava",Ssaurabh Tyagi,2021-09-10,2021,Kya Meri Sonam Gupta Bewafa Hai?
"Kangana Ranaut,Arvind Swami",A. L. Vijay,2021-09-10,2021,Thalaivii[c]
"Jitu Shivhare,Ravi Kishan",Aayush Saxena,2021-09-10,2021,Urf Ghanta
"Abhishek Banerjee,Rinku Rajguru,Delzad Hiwale,Kunal Kapoor,Zoya Hussain,Nikhil Dwivedi,Palomi Ghosh","Ashwiny Iyer Tiwari,Abhishek Chaubey,Saket Chaudhary",2021-09-17,2021,Ankahi Kahaniya
"Rana Daggubati,Pulkit Samrat,Shriya Pilgaonkar",Prabhu Solomon,2021-09-18,2021,Haathi Mere Saathi[d]
"Sunny Kaushal,Radhika Madan,Mohit Raina,Diana Penty",Kunal Deshmukh,2021-10-01,2021,Shiddat
"Aarya Babbar,Ajaz Khan,Smita Gondkar,Kanwalpreet Singh,Salamn Bhatt",Avanish Kumar,2022-01-26,2022,Hai Tujhe Salaam India
"Taapsee Pannu,Tahir Raj Bhasin",Aakash Bhatia,2022-02-04,2022,Looop Lapeta
"Deepika Padukone,Siddhant Chaturvedi,Ananya Panday,Dhairya Karwa",Shakun Batra,2022-02-11,2022,Gehraiyaan
"Rajkummar Rao,Bhumi Pednekar",Harshavardhan Kulkarni,2022-02-11,2022,Badhaai Do
"Yami Gautam,Neha Dhupia,Atul Kulkarni,Dimple Kapadia",Behzad Khambata,2022-02-17,2022,A Thursday
"Alia Bhatt,Ajay Devgn,Shantanu Maheshwari,Vijay Raaz,Seema Pahwa,Varun Kapoor",Sanjay Leela Bhansali,2022-02-25,2022,Gangubai Kathiawadi
"Sanya Malhotra,Vikrant Massey,Bobby Deol",Shanker Raman,2022-02-25,2022,Love Hostel
"Amitabh Bachchan,Akash Thosar,Rinku Rajguru",Nagraj Manjule,2022-03-04,2022,Jhund
"Sanjay Dutt,Rajiv Kapoor,Varun Buddhadev",Mridul,2022-03-04,2022,Toolsidas Junior
"Prabhas,Pooja Hegde",Radha Krishna Kumar,2022-03-11,2022,Radhe Shyam[a]
"Mithun Chakraborty,Anupam Kher,Darshan Kumar,Pallavi Joshi,Chinmay Mandlekar",Vivek Agnihotri,2022-03-11,2022,The Kashmir Files
"Akshay Kumar,Kriti Sanon,Jacqueline Fernandez,Arshad Warsi",Farhad Samji,2022-03-18,2022,Bachchhan Paandey
"Vidya Balan,Shefali Shah",Suresh Triveni,2022-03-18,2022,Jalsa
"Rishi Kapoor,Paresh Rawal,Juhi Chawla",Hitesh Bhatia,2022-03-31,2022,Sharmaji Namkeen
,,2022-03-01,2022,
"John Abraham,Jacqueline Fernandez,Rakul Preet Singh",Lakshya Raj Anand,2022-04-01,2022,Attack: Part 1
"Sobhita Dhulipala,Mrunal Thakur,Avinash Tiwary,Janhvi Kapoor,Surekha Sikri,Raghuvir Yadav,Gulshan Devaiah,Vijay Varma,Pavail Gulati,Jyoti Subhash,Eva Ameet Pardeshi,Kitu Gidwani,Sumit Tandon","Karan Johar,Dibakar Banerjee,Zoya Akhtar,Anurag Kashyap",2020-01-01,2020,Ghost Stories
"Zareen Khan, Karan Kundra, Tobby Hinston, Sonia Armstrong",Vikram Bhatt,2018-01-12,2018,1921
"Arjun Kapoor,Tabu,Konkona Sen Sharma,Radhika Madan,Kumud Mishra,Shardul Bhardwaj",Aasmaan Bhardwaj,2023-01-13,2023,Kuttey
"Avinash Dhyani,Sanskriti Bhatt,Shagufta Ali",Avinash Dhyani,2021-10-01,2021,Sumeru
"Taapsee Pannu,Priyanshu Painyuli,Abhishek Banerjee,Shweta Tripathi,Supriya Pathak",Akarsh Khurana,2021-10-15,2021,Rashmi Rocket
"Vidyut Jammwal,Rukmini Maitra,Neha Dhupia,Chandan Roy Sanyal,Chandan Roy,Amole Gupte",Kanishk Varma,2021-10-15,2021,Sanak
"Vicky Kaushal,Banita Sandhu",Shoojit Sircar,2021-10-16,2021,Sardar Udham
"Pratik Gandhi,Aindrita Ray",Hardik Gajjar,2021-10-22,2021,Bhavai
"Sharman Joshi,Pooja Chopra,Tejashri Pradhan",Agnidev Chatterjee,2021-10-22,2021,Babloo Bachelor
"Neha Sharma,Deepak Dobriyal,Namit Das,Ila Arun,Amit Sial",Indrajit Nattoji,2021-10-29,2021,Aafat-E-Ishq
"Adhyayan Suman,Angel,Gulki Joshi",Amit Kasaria,2021-10-29,2021,Bekhudi
"Emraan Hashmi,Nikita Dutta,Manav Kaul",Jay K,2021-10-29,2021,Dybbuk
"Rajkummar Rao,Kriti Sanon,Paresh Rawal,Ratna Pathak Shah",Abhishek Jain,2021-10-29,2021,Hum Do Hamare Do
"Abhimanyu Dassani,Sanya Malhotra",Vivek Soni,2021-11-05,2021,Meenakshi Sundareshwar
"Akshay Kumar,Katrina Kaif,Ajay Devgn,Ranveer Singh,Jaaved Jaaferi,Jackie Shroff,Gulshan Grover",Rohit Shetty,2021-11-05,2021,Sooryavanshi
"Rinzing Denzongpa,Malvika Raaj,Pooja Batra,Mohan Kapoor,Amit Gaur",Nilesh Sahay,2021-11-12,2021,Squad
"Saif Ali Khan,Rani Mukerji,Siddhant Chaturvedi,Sharvari Wagh",Varun V. Sharma,2021-11-19,2021,Bunty Aur Babli 2
"Kartik Aaryan ,Mrunal Thakur,Amruta Subhash,Vikas Kumar,Vishwajeet Pradhan",Ram Madhvani,2021-11-19,2021,Dhamaka
"Amol Parashar,Smiriti Kalra,Swanand Kirkire,Gulshan Grover,Kavin Dave",Rishab Seth,2021-11-19,2021,Cash
"Veeraj Rao,Manukriti Pahwa,Seema Pahwa,Manikk Chaudhary,Brijendra Kala,Atul Srivastava,Sapna Sand",Anuup Thapa,2021-11-19,2021,Ye Mard Bechara
"John Abraham,Divya Khosla Kumar",Milap Zaveri,2021-11-25,2021,Satyameva Jayate 2
"Salman Khan,Aayush Sharma,Mahima Makwana",Mahesh Manjrekar,2021-11-26,2021,Antim: The Final Truth
Nushrratt Bharuccha,Vishal Furia,2021-11-26,2021,Chhorii
"Ahan Shetty,Tara Sutaria",Milan Luthria,2021-12-03,2021,Tadap
"Abhishek Bachchan,Chitrangada Singh",Diya Annapurna Ghosh,2021-12-03,2021,Bob Biswas
"Ayushmann Khurrana,Vaani Kapoor",Abhishek Kapoor,2021-12-10,2021,Chandigarh Kare Aashiqui
"Karan Deol,Abhay Deol,Mouni Roy,Anya Singh",Deven Munjal,2021-12-10,2021,Velle
Tanishaa Mukerji,Eshwar Gunturu,2021-12-10,2021,Code Name Abdul
"Vinay Pathak,Ranvir Shorey,Gul Panag,Rohan Mehra",Manish Gupta,2021-12-17,2021,420 IPC
"Ranveer Singh,Deepika Padukone,Tahir Raj Bhasin,Jiiva,Saqib Saleem,Ammy Virk,Harrdy Sandhu",Kabir Khan,2021-12-24,2021,83
"Dhanush,Sara Ali Khan,Akshay Kumar",Aanand L. Rai,2021-12-24,2021,Atrangi Re
"Irrfan Khan,Ranvir Shorey,Deepal Shaw,Lucky Ali",Navneet Baj Saini,2021-12-31,2021,Murder at Teesri Manzil 302
"Naveen Kasturia,Plabita Borthakur,Vijay Raaz,Sanjay Mishra,Dharmesh Vyas,Manoj Joshi",Dinesh S Yadav,2021-12-31,2021,Waah Zindagi
Shreyas Talpade,Jayprad Desai,2022-04-01,2022,Kaun Pravin Tambe?
"Prateik Babbar,Neelay Mehendale,Anjali Sivaraman,Neil Bhoopalam,Anant V Joshi,Poornima Indrajith",Sachin Kundalkar,2022-04-02,2022,Cobalt Blue
"Abhishek Bachchan,Yami Gautam,Nimrat Kaur",Tushar Jalota,2022-04-07,2022,Dasvi
"Sunny Kaushal,Nushrratt Bharuccha,Vijay Varma",Nikhil Nagesh Bhat,2022-04-08,2022,Hurdang
"Shahid Kapoor,Mrunal Thakur,Pankaj Kapur",Gowtam Tinnanuri,2022-04-22,2022,Jersey
"Sidhant Gupta,Vedika Pinto,Sharad Kelkar,Bhumika Chawla,Kishor Kadam",Shashant Shah,2022-04-22,2022,Operation Romeo
"Amitabh Bachchan,Ajay Devgn,Rakul Preet Singh,Boman Irani",Ajay Devgn,2022-04-29,2022,Runway 34
"Tiger Shroff,Nawazuddin Siddiqui,Tara Sutaria",Ahmed Khan,2022-04-29,2022,Heropanti 2
"Divyenndu,Anupriya Goenka,Anant Vidhaat,Inaamulhaq,Brijendra Kala",Faraz Haider,2022-05-06,2022,Mere Desh Ki Dharti
"Anil Kapoor,Harshvardhan Kapoor,Fatima Sana Shaikh",Raj Singh Chaudhary,2022-05-06,2022,Thar
"Ranveer Singh,Shalini Pandey,Boman Irani,Ratna Pathak Shah",Divyang Thakkar,2022-05-13,2022,Jayeshbhai Jordaar
"Kartik Aaryan,Tabu,Kiara Advani",Anees Bazmee,2022-05-20,2022,Bhool Bhulaiyaa 2
"Kangana Ranaut,Arjun Rampal,Divya Dutta",Razy Ghai,2022-05-20,2022,Dhaakad
Ayushmann Khurrana,Anubhav Sinha,2022-05-27,2022,Anek
"Ganesh Acharya,Ravi Kishan,Manoj Joshi,Rajesh Sharma,Remo D'Souza",Manoj Sharma,2022-05-27,2022,Dehati Disco
"Riyaz Anwar,Ruchira Jadhav,Rohit Kokate,Neelam Kulkarni",Sudarshan Gamare,2022-05-27,2022,Haemolymph
"Akshay Kumar,Sanjay Dutt,Sonu Sood,Manushi Chhillar",Chandraprakash Dwivedi,2022-06-03,2022,Samrat Prithviraj
"Adivi Sesh,Sobhita Dhulipala,Saiee Manjrekar,Prakash Raj,Revathi",Sashi Kiran Tikka,2022-06-03,2022,Major[a]
Nushrratt Bharuccha,Jai Basantu Singh,2022-06-10,2022,Janhit Mein Jaari
"Rajpal Yadav,Rubina Dilaik",Palash Muchhal,2022-06-10,2022,Ardh
"Abhimanyu Dassani,Shirley Setia,Shilpa Shetty",Sabbir Khan,2022-06-17,2022,Nikamma
"Pankaj Tripathi,Neeraj Kabi,Sayani Gupta",Srijit Mukherji,2022-06-24,2022,Sherdil
"Anil Kapoor,Neetu Kapoor,Varun Dhawan,Kiara Advani,Prajakta Koli,Manish Paul",Raj Mehta,2022-06-24,2022,Jugjugg Jeeyo
"Vikrant Massey,Radhika Apte,Prachi Desai,Rohit Roy",Vishal Furia,2022-06-24,2022,Forensic
"Sunny Kaushal,Rukshar Dhillon,Shriya Pilgaonkar",Sneha Taurani,2020-01-03,2020,Bhangra Paa Le
"Akshaye Khanna,Riva Kishan,Priyank Sharma",Karan Vishwanath Kashyap,2020-01-03,2020,Sab Kushal Mangal
"Hema Malini,Rajkummar Rao,Rakul Preet Singh",Ramesh Sippy,2020-01-03,2020,Shimla Mirchi
"Neelofar Hamid,Shahnawaz Bhat,Mir Sarwar,Haseena Sofi",Danish Renzu,2020-01-06,2020,Half Widow
"Deepika Padukone,Vikrant Massey",Meghna Gulzar,2020-01-10,2020,Chhapaak
"Ajay Devgn,Saif Ali Khan,Kajol,Sharad Kelkar",Om Raut,2020-01-10,2020,Tanhaji
"Abhijeet Singh,Arindita Kalita",Jugal Raja,2020-01-17,2020,Bunker
"Sunny Singh,Sonnalli Seygall,Poonam Dhillon,Supriya Pathak",Navjot Gulati,2020-01-17,2020,Jai Mummy Di
"Kangana Ranaut,Jassi Gill,Richa Chadha,Neena Gupta",Ashwiny Iyer Tiwari,2020-01-24,2020,Panga
"Varun Dhawan,Shraddha Kapoor,Prabhu Deva,Nora Fatehi,Aparshakti Khurana,Murali Sharma,Raghav Juyal,Dharmesh Yelande,Punit Pathak,Jigar Rupareliya,Sonam Bajwa",Remo D'Souza,2020-01-24,2020,Street Dancer 3D
"Reem Shaikh,Atul Kulkarni,Divya Dutta,Om Puri,Arif Zakaria,Mukesh Rishi,Abhimanyu Singh,Pankaj Tripathi",H.E. Amjad khan,2020-01-31,2020,Gul Makai
"Himesh Reshammiya,Sonia Mann",Raka,2020-01-31,2020,Happy Hardy and Heer
"Saif Ali Khan,Tabu,Alaya Furniturewala",Nitin Kakkar,2020-01-31,2020,Jawaani Jaaneman
"Aditya Pratap Singh,Mandeep Kaur Mannnat,Sonia Sharma,Liliput,Faruque,Ravi Mann,Abhinaye Sharma,Sahil Patel,Amber Upadhyay","Vikas P Kavvthekaar, Aps Raghuvanshi",2020-01-31,2020,Pagleaazam
"Amit Sadh,Rahul Dev,Aakash Dahiya,Rucha Inamdar",Sanjay Gadhvi,2020-02-04,2020,Operation Parindey
"Hina Khan,Rohan Shah,Mohit Malhotra,Sid Makkar",Vikram Bhatt,2020-02-07,2020,Hacked
"Sanjay Mishra,Shikha Malhotra",Dedipya Joshii,2020-02-07,2020,Kaanchli Life in a Slough
"Aditya Roy Kapur,Disha Patani,Anil Kapoor,Elli AvrRam,Amruta Khanvilkar",Mohit Suri,2020-02-07,2020,Malang
"Neeraj Sood,Apoorva Arora,Atul Srivastav",Anant Tripathi,2020-02-07,2020,Yahan Sabhi Gyani Hain
"Aadil Khan,Sadia Khateeb",Vidhu Vinod Chopra,2020-02-07,2020,Shikara
"Harsh Kumar,Tullika Singh",Deepak Baldev Thakur,2020-02-14,2020,Khawab Sare Jhoothey
"Kartik Aaryan,Sara Ali Khan,Randeep Hooda",Imtiaz Ali,2020-02-14,2020,Love Aaj Kal
"Divyenndu,Shweta Basu Prasad,Sheetal Thakur",Bishnu Dev Halder,2020-02-14,2020,Shukranu
"Vicky Kaushal,Bhumi Pednekar",Bhanu Pratap Singh,2020-02-21,2020,Bhoot – Part One: The Haunted Ship
"Kavita Tripathi,Dinesh Bawra,Jaid Shaikh",Dushyant Pratap Singh,2020-02-21,2020,The Hundred Bucks
"Ayushmann Khurrana,Jitendra Kumar,Gajraj Rao,Neena Gupta,Manurishi Chaddha,Sunita Rajwar,Maanvi Gagroo,Pankhuri Awasthy,Neeraj Singh",Hitesh Kewalya,2020-02-21,2020,Shubh Mangal Zyada Saavdhan
"Julian Sands,Achintya Bose,Manish Chauhan",Sooni Taraporevala,2020-02-21,2020,Yeh Ballet
"Mahie Gill,Manu Rishi Chaddha,Dolly Ahluwalia,Supriya Shukla,Rajesh Sharma,Mehak Manwani,Sumit Gulati",Gagan Puri,2020-02-28,2020,Doordarshan
"Karan Nath,Nathalia Kaur,Abhimanyu Singh,Ganesh Venkatraman,Shilpa Shirodkar,Zarina Wahab,Mohan Agashe,Tej Sapru",Sekhar Suri,2020-02-28,2020,Guns of Banaras
"Zuber K. Khan,Diana Khan",Sanjeev Kumar Rajput,2020-02-28,2020,Haunted Hills
"Krushna Abhishek,Karthik Jayaram,Arjumman Mughal",Dinkar Kapoor,2020-02-28,2020,O Pushpa I Hate Tears
"Taapsee Pannu,Pavail Gulati,Maya Sarao,Naila Grewal",Anubhav Sinha,2020-02-28,2020,Thappad
"Shivin Narang,Chandan Roy Sanyal,Ali Murad,Hardik Sanghani,Tillotama Shome,Priya Banerjee",Ravi Adhikari,2020-03-02,2020,Dheet Patangey
"Tiger Shroff,Riteish Deshmukh,Shraddha Kapoor,Ankita Lokhande",Ahmed Khan,2020-03-06,2020,Baaghi 3
"Kiara Advani,Akansha Ranjan Kapoor,Gurfateh Singh Pirzada,Taher Shabbir,Dalip Tahil,Kunal Vijaykar,Manu Rishi,Janya Joshi,Chayan Chopra",Ruchi Narain,2020-03-06,2020,Guilty
"Sanjay Mishra,Deepak Dobriyal",Hardik Mehta,2020-03-06,2020,Kaamyaab
"Irrfan Khan,Kareena Kapoor,Radhika Madan,Deepak Dobriyal,Pankaj Tripathi",Homi Adajania,2020-03-13,2020,Angrezi Medium
"Manisha Koirala,Nikita Dutta,Javed Jaffrey,Prit Kamani,Shirley Setia",Neeraj Udhwani,2020-03-27,2020,Maska
"Aditya Rawal,Shalini Pandey,Vijay Varma",Ranjan Chandel,2020-04-10,2020,Bamfaad
"Saif Ali Khan, Isha Talwar, Shenaz Treasury, Akshay Oberoi, Vijay Raaz, Deepak Dobriyal, Sobhita Dhulipala, Kunaal Roy Kapur, Nary Singh",Akshat Verma,2018-01-12,2018,Kaalakaandi
"Vineet Kumar Singh, Zoya Hussain, Ravi Kishan, Jimmy Sheirgill",Anurag Kashyap,2018-01-12,2018,Mukkabaaz
"Jennifer Winget, Kunal Kohli, Rajit Kapur",Kunal Kohli,2018-01-15,2018,Phir Se...
"Sanjay Suri, Nora Fatehi, Pitobash",Samir Soni,2018-01-19,2018,My Birthday Song
"Kay Kay Menon, Mandira Bedi, Raima Sen, Sharib Hashmi",Kushal Srivastava,2018-01-19,2018,Vodka Diaries
"Arbaaz Khan, Manjari Fadnis, Ashmit Patel, Mukul Dev, Mahek Chahal",Pradeep Rangwani,2018-01-19,2018,Nirdosh
"Rahul Bhat, Tillotama Shome",Sanjay Patel,2018-01-19,2018,Union Leader
"Shahid Kapoor, Deepika Padukone, Ranveer Singh, Aditi Rao Hydari",Sanjay Leela Bhansali,2018-01-25,2018,Padmaavat
"Akshay Kumar, Sonam Kapoor, Radhika Apte",R. Balki,2018-02-09,2018,Pad Man
"Vicky Kaushal, Angira Dhar, Alankrita Sahai, Raghubir Yadav",Anand Tiwari,2018-02-14,2018,Love per Square Foot
"Sidharth Malhotra, Manoj Bajpayee, Rakul Preet Singh, Pooja Chopra, Anupam Kher, Naseeruddin Shah",Neeraj Pandey,2018-02-16,2018,Aiyaary
"Zain Khan Durrani, Geetanjali Thapa",Onir,2018-02-16,2018,Kuchh Bheege Alfaaz
"Raghu Raja, Abhishek Sharma, Kabir Bedi, Chetna Pande, Viju Khote",Akshay Anand,2018-02-16,2018,Jaane Kyun De Yaaron
"Kartik Aaryan, Nushrat Bharucha, Sunny Nijar",Luv Ranjan,2018-02-23,2018,Sonu Ke Titu Ki Sweety
"Anushka Sharma, Parambrata Chatterjee, Rajat Kapoor, Ritabhari Chakraborty, Mansi Multani",Prosit Roy,2018-03-02,2018,Pari
"Pulkit Samrat, Jimmy Sheirgill, Kriti Kharbanda, Satish Kaushik, Yuvika Chaudhary, Supriya Karnik",Ashu Trikha,2018-03-02,2018,Veerey Ki Wedding
"Urvashi Rautela, Vivan Bhatena, Karan Wahi, Ihana Dhillon, Gulshan Grover, Tia Bajpai, Shaad Randhawa",Vishal Pandya,2018-03-09,2018,Hate Story IV
"Saqib Saleem, Tapsee Pannu, Abhilash Thapleyal, Nidhi Singh, Srishti Srivastava, Ayesha Khaduskar",Aleya Sen,2018-03-09,2018,Dil Juunglee
"Richa Chaddha, Pulkit Samrat, Sharman Joshi, Renuka Shahane, Masumeh Makhija, Laksh Singh, Aisha Ahmed, Ankit Rathi",Arjun Mukerjee,2018-03-09,2018,3 Storeys
"Ajay Devgn, Ileana D'Cruz, Saurabh Shukla",Raj Kumar Gupta,2018-03-16,2018,Raid
Rani Mukerji,Siddharth P Malhotra,2018-03-23,2018,Hichki
"Rajpal Yadav, Mushtaq Khan, Rahul Bagga, Rohit Kumar, Dilbagh Singh, Naresh Gosain, Afreen Alvi, Radha Bhatt",Gurpreet Sondh,2018-03-23,2018,Shaadi Teri Bajayenge Hum Band
"Tiger Shroff, Disha Patani, Manoj Bajpayee, Randeep Hooda, Prateik Babbar",Ahmed Khan,2018-03-30,2018,Baaghi 2
"Irrfan Khan, Kirti Kulhari, Arunoday Singh, Divya Dutta, Omi Vaidya",Abhinay Deo,2018-04-06,2018,Blackmail
"Anshuman Jha,Riddhi Dogra,Milind Soman",Victor Mukherjee,2023-01-13,2023,Lakadbaggha
"Sidharth Malhotra,Rashmika Mandanna,Kumud Mishra,Sharib Hashmi",Shantanu Bagchi,2023-01-20,2023,Mission Majnu
"Rakul Preet Singh,Sumeet Vyas,Satish Kaushik,Rajesh Tailang,Dolly Ahluwalia",Tejas Deoskar,2023-01-20,2023,Chhatriwali
"Shah Rukh Khan,John Abraham,Deepika Padukone",Siddharth Anand,2023-01-25,2023,Pathaan
"Deepak Antani,Chinmay Mandlekar",Rajkumar Santoshi,2023-01-26,2023,Gandhi Godse – Ek Yudh
"Sunil Shetty,Randeep Hooda",Vishram Sawant,2023-01-26,2023,Operation Fryday[b]
"Alaya F,Karan Mehta",Anurag Kashyap,2023-02-03,2023,Almost Pyaar with DJ Mohabbat
"Zahan Kapoor,Aditya Rawal,Aamir Ali,Juhi Babbar",Hansal Mehta,2023-02-03,2023,Faraaz
"Anupam Kher,Neena Gupta,Jugal Hansraj,Nargis Fakhri,Sharib Hashmi",Ajayan Venugopalan,2023-02-10,2023,Shiv Shastri Balboa
"Shamita Shetty, Rudhraksh Jaiswal",Sushrut Jain,2023-02-10,2023,The Tenant[c]
"Yami Gautam,Pankaj Kapur,Rahul Khanna,Neil Bhoopalam,Pia Bajpiee,Tushar Pandey",Aniruddha Roy Chowdhury,2023-02-16,2023,Lost
"Kartik Aaryan,Kriti Sanon,Paresh Rawal,Manisha Koirala,Ronit Roy",Rohit Dhawan,2023-02-17,2023,Shehzada
"Akshay Kumar,Emraan Hashmi,Diana Penty,Nushrratt Bharuccha",Raj Mehta,2023-02-24,2023,Selfiee
"Sheeba Chadha,Nayab Khan,Helena Prinzen Klague",Shadab Khan,2023-02-24,2023,Rabia & Olivia
"Manoj Bajpayee,Sharmila Tagore,Simran,Suraj Sharma",Rahul V. Chittella,2023-03-03,2023,Gulmohar
"Ritika Singh,Manish Jhanjholia,Sandeep Goyat,Sunil Soni,Gyan Prakash",Harsh Warrdhan,2023-03-03,2023,InCar
"Ranbir Kapoor,Shraddha Kapoor",Luv Ranjan,2023-03-08,2023,Tu Jhoothi Main Makkaar
Rani Mukerji,Ashima Chibber,2023-03-17,2023,Mrs. Chatterjee vs Norway
"Kapil Sharma,Shahana Goswami",Nandita Das,2023-03-17,2023,Zwigato
"Anushka Sen,Neelu Dogra,Pooja Dargan,Tariq Khan,Ahmer Haider",Rahat Kazmi,2023-03-17,2023,Am I Next
"Yami Gautam,Sunny Kaushal,Sharad Kelkar",Ajay Singh,2023-03-24,2023,Chor Nikal Ke Bhaga
"Rajkummar Rao,Bhumi Pednekar,Dia Mirza,Ashutosh Rana,Pankaj Kapur",Anubhav Sinha,2023-03-24,2023,Bheed
"Jimmy Shergill,Hritiqa Chheber,Lee Nicholas Harris,Vedieka Dutt,Ankur Bhatia,Sneha Singh",Sudipto Sarkar,2023-03-24,2023,Operation Mayfair
"Kunal Khemu,Shweta Tripathi,Piyush Mishra,Alka Amin,Raju Srivastav",Vipul Mehta,2023-03-24,2023,Kanjoos Makhichoos
"Ajay Devgn,Tabu",Ajay Devgn,2023-03-30,2023,Bholaa
"Vikrant Massey,Sara Ali Khan,Chitrangda Singh",Pawan Kripalani,2023-03-31,2023,Gaslight
"Aditya Roy Kapur,Mrunal Thakur,Ronit Roy",Vardhan Ketkar,2023-04-07,2023,Gumraah
"Rajeev Khandelwal,Chelsie Preston Crayford,Usha Jadhav",Abhijit Deonath,2019-01-04,2019,Salt Bridge
"Priyamani,Sanjay Suri,Rajeev Khandelwal",Tanuj Bhramar,2020-04-21,2020,Ateet
"Jacqueline Fernandez,Manoj Bajpayee,Mohit Raina,Zayn Marie",Shirish Kunder,2020-05-01,2020,Mrs. Serial Killer
"Rajeev Khandelwal,Saksham Dayma,Swapnil Kotiwar",Sourabh Srivastava,2020-05-06,2020,Court Martial
"Yashaswini Dayama,Karanvir Malhotra,Abhay Deol",Megha Ramaswamy,2020-05-20,2020,What Are the Odds
"Nawazuddin Siddiqui,Ragini Khanna,Richa Chadha,Anurag Kashyap,Deepika Amin,Raghuvir Yadav,Ila Arun,Swanand Kirkire",Pushpendra Nath Misra,2020-05-22,2020,Ghoomketu
"Sunny Pawar,Joyraj Bhattacharya,Sumeet Thakur,Gautam Sarkar,Masood Akhtar,Kalpan Mitra",Safdar Rehman,2020-06-01,2020,Chippa
"Vinay Pathak,Tillotama Shome,Nate Scholz","Devanshu Kumar,Satyanshu Singh",2020-06-05,2020,Chintu Ka Birthday
"Saiyami Kher,Roshan Mathew,Amruta Subhash,Rajshri Deshpande",Anurag Kashyap,2020-06-05,2020,Choked
"Dolly Ahluwalia,Sayani Gupta,Tenzin Dalha,Vinay Pathak,Lin Laishram,Asenla Jamir,Lanuakum Ao",Nicholas Kharkongor,2020-06-12,2020,Axone
"Farrukh Jaffar,Amitabh Bachchan,Ayushmann Khurrana,Vijay Raaz,Brijendra Kala,Nalneesh Neel",Shoojit Sircar,2020-06-12,2020,Gulabo Sitabo
"Kalki Koechlin,Ranvir Shorey,Shruti Seth,Manoj Pahwa,Tara Sharma,Cyrus Sahukar,Mansi Multani",Rajat Kapoor,2020-06-18,2020,Kadakh
"Jitendra Kumar,Ritika Badiani",Apurva Dhar Badgaiyann,2020-06-19,2020,Chaman Bahaar
"Tripti Dimri,Avinash Tiwary,Rahul Bose,Parambrata Chatterjee,Paoli Dam",Anvita Dutt,2020-06-24,2020,Bulbbul
"Manoj Bajpayee,Santosh Juvekar,Ipshita Chakraborty Singh,Abhishek Banerjee",Devashish Makhija,2020-06-26,2020,Bhonsle
"Kushal Tandon,Hina Khan,Rishabh Sinha,Aditi Arya",Debatma Mandal,2020-06-27,2020,Unlock
"Tabu, Manoj Bajpayee, Annu Kapoor",Mukul Abhyankar,2018-04-06,2018,Missing
"Varun Dhawan, Banita Sandhu, Gitanjali Rao",Shoojit Sircar,2018-04-13,2018,October
"Prabhu Deva, Sananth Reddy, Remya Nambeesan",Karthik Subbaraj,2018-04-13,2018,Mercury
"Shweta Tripathi, Shashank Arora, Rahul Kumar",Shlok Sharma,2018-04-13,2018,Zoo
"Ishaan Khatter, Malavika Mohanan",Majid Majidi,2018-04-20,2018,Beyond the Clouds
"Patralekhaa, Abhay Deol, Sapna Chaudhary",Faraz Haider,2018-04-20,2018,Nanu Ki Jaanu
"Richa Chaddha, Aditi Rao Hydari, Rahul Bhat, Saurabh Shukla, Vipin Sharma, Vineet Kumar Singh, Dalip Tahil, Anurag Kashyap",Sudhir Mishra,2018-04-27,2018,Daas Dev
"Anjali Patil, Karan Dave",M.M Shanklya,2018-04-27,2018,Meri Nimmo
"Amitabh Bachchan, Rishi Kapoor",Umesh Shukla,2018-05-04,2018,102 Not Out
Rajkummar Rao,Hansal Mehta,2018-05-04,2018,Omerta
"Vicky Kaushal, Alia Bhatt",Meghna Gulzar,2018-05-11,2018,Raazi
"Naseeruddin Shah, Sonali Kulkarni, Aamir Bashir",Sudip Bandyopadhyay,2018-05-11,2018,Hope Aur Hum
"Aarav Negi, Goonj Chand, Azhar, Pihu Sharma, Dhiraj Singh",Dhiraj Singh,2018-05-11,2018,Falooda
"Sumeet Vyas, Sonnalli Seygall, Mantra, Taaruk Raina, Priyanshu Painyuli, Kumud Mishra, Natasha Rastogi",Akash Khurana,2018-05-18,2018,High Jack
"Vinay Pathak, Manoj Pahwa, Seema Pahwa, Dolly Ahluwalia, Sabah Kapoor",Harsh Chhaya,2018-05-18,2018,Khajoor Pe Atke
"John Abraham, Diana Penty, Boman Irani",Abhishek Sharma,2018-05-25,2018,Parmanu: The Story Of Pokhran
"Danny Denzongpa, Geetanjali Thapa, Tisca Chopra, Adil Hussain",Deb Medhekar,2018-05-25,2018,Bioscopewala
"Kareena Kapoor, Sonam Kapoor, Swara Bhaskar, Shikha Talsania, Sumeet Vyas",Shashanka Ghosh,2018-06-01,2018,Veere Di Wedding
"Harshvardhan Kapoor, Priyanshu Painyuli, Nishikant Kamat",Vikramaditya Motwane,2018-06-01,2018,Bhavesh Joshi Superhero
"Jackie Shroff, Jimmy Sheirgill, Kay Kay Menon, Shriya Saran, Mahie Gill, Pankaj Tripathi",Karan Lalit Butani,2018-06-01,2018,Phamous
"Anil Kapoor, Bobby Deol, Daisy Shah, Freddy Daruwala, Jacqueline Fernandez, Salman Khan, Saqib Saleem",Remo D'Souza,2018-06-15,2018,Race 3
"Radhika Apte, Sanjay Kapoor, Kiara Advani, Vicky Kaushal, Neha Dhupia, Neil Bhoopalam, Bhumi Pednekar, Manisha Koirala, Akash Thosar","Anurag Kashyap, Karan Johar, Zoya Akhtar, Dibakar Banerjee",2018-06-15,2018,Lust Stories
Ranbir Kapoor,Rajkumar Hirani,2018-06-29,2018,Sanju
,Ezhil Vendan,2018-07-06,2018,Hanuman vs Mahiravana
"Radhika Apte,Rajesh Sharma,Sumeet Vyas,Angana Roy,Amrita Chattopadhyay,Indrasish Roy",Anushree Mehta,2023-04-14,2023,Mrs. Undercover
"Seema Biswas,Ariana Sajnani,Hemant Deolekar,Jyoti Dubey,Shubhangini Srivas",Praveen Morchhale,2023-04-14,2023,Sir Madam Sarpanch
"Akshay Singh,Sulagna Panigrahi,Khushboo Gupta,Vishwanath Chatterjee",Akshay Singh,2023-04-14,2023,Pinky Beauty Parlour
"Salman Khan,Pooja Hegde,Venkatesh,Shehnaaz Gill,Jagapathi Babu",Farhad Samji,2023-04-21,2023,Kisi Ka Bhai Kisi Ki Jaan
"Namashi Chakraborty,Amrin Qureshi,Saswata Chatterjee,Darshan Jariwala,Johnny Lever",Rajkumar Santoshi,2023-04-28,2023,Bad Boy
"Alaya F,Priyanshu Painyuli,Aashim Gulati,Manu Rishi, Rajesh Sharma",Arif Khan,2023-04-28,2023,U-Turn
"Deepti Naval,Jacqueline Fitschi-Cornaz,Banita Sandhu",Kamal Musale,2023-05-05,2023,Mother Teresa & Me
"Nawazuddin Siddiqui,Bhumi Pednekar,Sumeet Vyas,Sharib Hashmi",Sudhir Mishra,2023-05-05,2023,Afwaah
"Adah Sharma,Yogita Bihani,Sonia Balani,Siddhi Idnani",Sudipto Sen,2023-05-05,2023,The Kerala Story
"Bellamkonda Sreenivas,Nushrratt Bharuccha,Sahil Vaid",V. V. Vinayak,2023-05-12,2023,Chatrapathi
"Sharman Joshi,Prakash Raj,Shriya Saran,Suhasini Mulay,Mona Ambegaonkar,Gracy Goswami",Papa Rao Biyyala,2023-05-12,2023,Music School
"Vidyut Jammwal,Anupam Kher,Vishal Jethwa,Niharica Raizada",Sankalp Reddy,2023-05-12,2023,IB71
"Sanya Malhotra,Anant V Joshi,Vijay Raaz,Rajpal Yadav,Brijendra Kala",Yashowardhan Mishra,2023-05-19,2023,Kathal
"Jimmy Shergill,Abhimanyu Singh,Indraneil Sengupta,Raza Murad,Sayaji Shinde",Shravan Tiwari,2023-05-19,2023,Aazam
"Gulshan Devaiah,Saiyami Kher",Raj R,2023-05-19,2023,8 A.M. Metro
"Radhika Madan,Rajat Barmecha,Ayush Mehra",Shubham Yogi,2023-05-19,2023,Kacchey Limbu
"Manoj Bajpayee,Kaustav Sinha,Nikhil Pandey",Apoorva Singh Karki,2023-05-23,2023,Sirf Ek Bandaa Kaafi Hai
"Nawazuddin Siddiqui,Neha Sharma,Sanjay Mishra,Mahaakshay Chakraborty",Kushan Nandy,2023-05-26,2023,Jogira Sara Ra Ra
"Sanjay Mishra,Vivaan Shah,Pooja Pandey,Sonal Jha",Akshay Ditti,2023-05-26,2023,Coat
"Vicky Kaushal,Sara Ali Khan",Laxman Utekar,2023-06-02,2023,Zara Hatke Zara Bachke
"Vikrant Massey,Vijay Sethupathi,Tanya Maniktala,Ranvir Shorey,Sachin Khedekar",Santosh Sivan,2023-06-02,2023,Mumbaikar
"Shahid Kapoor,Sanjay Kapoor,Diana Penty,Ronit Roy,Vivan Bhatena",Ali Abbas Zafar,2023-06-09,2023,Bloody Daddy
"Saif Ali Khan,Prabhas,Kriti Sanon,Sunny Singh",Om Raut,2023-06-16,2023,Adipurush[a]
"Rakul Preet Singh,Akshay Oberoi,Pavail Gulati",Nikhil Mahajan,2023-06-16,2023,I Love You
"Avika Gor,Rahul Dev,Barkha Bisht,Randheer Rai",Krishna Bhatt,2023-06-23,2023,1920: Horrors of the Heart
"Nawazuddin Siddiqui,Avneet Kaur",Sai Kabir,2023-06-23,2023,Tiku Weds Sheru
"Sonnalli Seygall,Vardhan Puri,Siddhanth Kapoor",Sarim Momin,2023-06-23,2023,Aseq
"Kartik Aaryan,Kiara Advani,Gajraj Rao,Supriya Pathak",Sameer Vidwans,2023-06-29,2023,Satyaprem Ki Katha
"Amruta Subhash,Angad Bedi,Neena Gupta,Mrunal Thakur,Kumud Mishra,Tamannaah Bhatia,Kajol,Tillotama Shome,Vijay Varma","R. Balki,Konkona Sen Sharma,Amit Ravindernath Sharma,Sujoy Ghosh",2023-06-29,2023,Lust Stories 2
"Randeep Hooda,Adil Hussain,Sapna Pabbi,Arun Govil,Sonia Goswami",Prawaal Raman,2023-06-30,2023,Sergeant
"Vidya Balan,Ram Kapoor,Rahul Bose,Shahana Goswami,Neeraj Kabi,Prajakta Koli,Shashank Arora,Amrita Puri",Anu Menon,2023-07-07,2023,Neeyat
"Richa Chadda,Gulshan Devaiah,S. Sreesanth",Kaustav Narayan Niyogi,2019-01-09,2019,Cabaret
"Vicky Kaushal,Mohit Raina,Paresh Rawal,Yami Gautam",Aditya Dhar,2019-01-11,2019,Uri: The Surgical Strike
"Shoaib Ibrahim,Elena Kazan,Farnaz Shetty,Vishwas Kini,Vicky Ahuja,Vikas Srivastava,Chandraprakash Thakur",Brijesh Batuknath Tripathi,2019-01-11,2019,Battalion 609
"Anupam Kher,Akshaye Khanna,Suzanne Bernert,Aahana Kumra,Arjun Mathur",Vijay Ratnakar Gutte,2019-01-11,2019,The Accidental Prime Minister
"Mona Ambegaonkar,Ananth Narayan Mahadevan,Devansh Doshi,Arpit Chaudhary",Sridhar Rangayan,2019-01-11,2019,Evening Shadows
"Emraan Hashmi,Shreya Dhanwanthary",Soumik Sen,2019-01-18,2019,Why Cheat India
"Jimmy Shergill,Yuvika Chaudhary,Yashpal Sharma",Manoj K Jha,2019-01-18,2019,SP Chauhan
"Arshad Warsi,Sara Loren,Saurabh Shukla",Sourabh Shrivastava,2019-01-18,2019,Fraud Saiyaan
"Geetika Vidhya Olyan,Saloni Batra",Ivan Ayr,2019-01-18,2019,Soni
"Avinash Dhyani,Mukesh Tiwari,Virendra Saxena,Alka Amin Shishir Sharma,Gireesh Sahdev,Prashil Rawat",Avinash Dhyani,2019-01-18,2019,72 Hours: Martyr Who Never Died
"Radhika Apte,Siddhanth Kapoor,Akshay Oberoi,Shilpa Shukla,Adil Hussain,Amit Sial,Ravi Kishan",Pia Sukanya,2019-01-18,2019,Bombairiya
"Govinda,Shakti Kapoor,Prem Chopra,Govind Namdev,Shyamlal Yadav,Mishika Chourasia,Anupama Agnihotri,Digangana Suryavanshi,Karishma Harshada,Arti Gupta",Sikander Bharti,2019-01-18,2019,Rangeela Raja
"Nawazuddin Siddiqui,Amrita Rao",Abhijit Panse,2019-01-25,2019,Thackeray
"Kangana Ranaut,Jisshu Sengupta,Suresh Oberoi,Ankita Lokhande,Danny Denzongappa,Atul Kulkarni,Mohammed Zeeshan Ayyub","Radha Krishna Jagarlamudi,Kangana Ranaut",2019-01-25,2019,Manikarnika: The Queen of Jhansi
"Anil Kapoor,Sonam Kapoor,Juhi Chawla,Rajkummar Rao",Shelly Chopra Dhar,2019-02-01,2019,Ek Ladki Ko Dekha Toh Aisa Laga
"Farhan Akhtar,Annu Kapoor",Anand Surapur,2019-02-08,2019,The Fakir of Venice
"Sapna Choudhry,Vikrant Anand,Neel Motwani,Zuber K. Khan,Anju Jadhav",Hadi Ali Abrar,2019-02-08,2019,Dosti Ke Side Effects
"Sachiin Joshi,Vivan Bhatena,Nargis Fakhri",Bhushan Patel,2019-02-08,2019,Amavas
"Ranveer Singh,Alia Bhatt",Zoya Akhtar,2019-02-14,2019,Gully Boy
"Prit Kamani,Simran Sharma,Anshuman Malhotra,Tushar Pandey",Abhishek Dixit,2019-02-15,2019,Hum Chaar
"Ajay Devgn,Madhuri Dixit,Arshad Warsi,Javed Jaffrey,Anil Kapoor,Riteish Deshmukh,Sanjay Mishra,Esha Gupta",Indra Kumar,2019-02-22,2019,Total Dhamaal
"Manish Bhawan,Rajeev Raj,Shailendra Pande",Shilpa Ranade,2019-03-01,2019,Goopi Gawaiya Bagha Bajaiya
"Kartik Aaryan,Kriti Sanon,Aparshakti Khurana,Pankaj Tripathi,Vinay Pathak",Laxman Utekar,2019-03-01,2019,Luka Chuppi
"Sushant Singh Rajput,Bhumi Pednekar,Manoj Bajpayee,Ranvir Shorey,Ashutosh Rana",Abhishek Chaubey,2019-03-01,2019,Sonchiriya
"Amitabh Bachchan,Taapsee Pannu",Sujoy Ghosh,2019-03-08,2019,Badla
"Bidita Bag,Chandan Roy Sanyal",Aditya Sarpotdar,2019-03-08,2019,The Sholay Girl
"Talha Arshad Reshi,Rasika Dugal,Vikas Kumar,Sumit Kaul",Aijaz Khan,2019-03-15,2019,Hamid
"Nawazuddin Siddiqui,Sanya Malhotra",Ritesh Batra,2019-03-15,2019,Photograph
"Ali Fazal,Shraddha Srinath,Reecha Sinha,Ashutosh Rana,Sanjay Mishra,Sikandar Kher",Tigmanshu Dhulia,2019-03-15,2019,Milan Talkies
"Sachin Khari,Aarun Nagar,Shahbaz Khan,Pramod Moutho,Ravi Verma",Aarun Nagar,2019-03-15,2019,Risknamaa
"Anjali Patil,Makarand Deshpande,Rasika Aagashe,Sonia Albizuri,Syna Anand,Adarsh Bharti,Om Kanojiya",Rakeysh Omprakash Mehra,2019-03-15,2019,Mere Pyare Prime Minister
"Barun Sobti,Amartya Ray,Panchi Bora,Rajit Kapur,Rajesh Sharma,Chaiti Ghoshal,Geetika Tyagi",Mitali Ghoshal,2019-03-15,2019,22 Yards
"Shashank Arora,Mohammed Zeeshan Ayyub,Tanvi Azmi,Maanvi Gagroo",Faruk Kabir,2019-03-19,2019,377 Ab Normal
"Akshay Kumar,Parineeti Chopra,Mir Sarwar,Ashwath Bhatt",Anurag Singh,2019-03-21,2019,Kesari
"Abhimanyu Dassani,Radhika Madan,Gulshan Devaiah,Mahesh Manjrekar,Jimit Trivedi,Shweta Basu Prasad",Vasan Bala,2019-03-21,2019,Mard Ko Dard Nahi Hota
"Govind Namdeo,Manoj Joshi,Najneen Patni,Rajveer Singh",Sanoj Mishra,2019-03-29,2019,Ram Ki Janmabhoomi
"Zaheer Iqbal,Pranutan Bahl",Nitin Kakkar,2019-03-29,2019,Notebook
"Vidyut Jammwal,Pooja Sawant,Asha Bhat,Atul Kulkarni",Chuck Russell,2019-03-29,2019,Junglee
"Shweta Tripathi,Jitendra Kumar,Vipin Sharma,Deepika Amin,Brijendra Kala",Qasim Khallow,2019-03-29,2019,Gone Kesh
"John Abraham,Mouni Roy,Jackie Shroff,Sikander Kher,Suchitra Krishnamoorthi",Robbie Garewal,2019-04-05,2019,Romeo Akbar Walter
"Diljit Dosanjh, Taapsee Pannu, Angad Bedi",Shaad Ali,2018-07-13,2018,Soorma
"Mousam Sharma, Swati Bakshi, Rahul Avana, Mohit Baghel, Heena Panchal, Hemant Pandey, Vikas Giri Manoj Bakshi, Himani Shivpuri,",Sudhish Kumar Sharma,2018-07-20,2018,When Obama Loved Osama
"Ishaan Khatter, Jhanvi Kapoor",Shashank Khaitan,2018-07-20,2018,Dhadak
"Sanjay Dutt, Jimmy Sheirgill, Mahi Gill, Chitrangada Singh, Soha Ali Khan",Tigmanshu Dhulia,2018-07-27,2018,"Saheb, Biwi Aur Gangster 3"
"Raghav Juyal, Punit Pathak, Dharmesh Yelande, Isha Rikhi",Jayesh Pradhan,2018-07-27,2018,Nawabzaade
"Anil Kapoor, Aishwarya Rai Bachchan, Rajkummar Rao, Karan Singh Chhabra, Divya Dutta",Atul Manjrekar,2018-08-03,2018,Fanney Khan
"Rishi Kapoor, Prateik Babbar, Rajat Kapoor, Taapsee Pannu, Ashutosh Rana, Manoj Pahwa, Neena Gupta",Anubhav Sinha,2018-08-03,2018,Mulk
"Arjun Mathur, Nidhi Singh, Vijayant Kohli, Sunny Hinduja",Nikhil Bhatt,2018-08-03,2018,Brij Mohan Amar Rahe!
"Vibhawari Deshpande, Suchitra Pillai, Chitraganda Chakraborty, Upendra Limaye",Aditya Kripalani,2018-08-03,2018,Laxmi and Tikli Bomb
"Irrfan Khan, Dulquer Salman, Mithila Palkar, Kriti Kharbanda",Akarsh Khurana,2018-08-03,2018,Karwaan
"Akshay Kumar, Kunal Kapoor, Mouni Roy, Amit Sadh",Reema Kagti,2018-08-15,2018,Gold
"John Abraham, Manoj Bajpayee, Aisha Sharma, Amruta Khanvilkar",Milap Zaveri,2018-08-15,2018,Satyameva Jayate
"Utkarsh Sharma, Ishita Chauhan, Nawazuddin Siddiqui, Ayesha Jhulka",Anil Sharma,2018-08-24,2018,Genius
"Sonakshi Sinha, Diana Penty, Ali Fazal, Jimmy Shergill, Jassi Gill",Mudassar Aziz,2018-08-24,2018,Happy Phirr Bhag Jayegi
"Pankaj Kapur, Vinay Pathak",Ketan Mehta,2018-08-24,2018,Toba Tek Singh
"Dharmendra, Sunny Deol, Bobby Deol, Kriti Kharbanda",Navaniat Singh,2018-08-31,2018,Yamla Pagla Deewana: Phir Se
"Rajkummar Rao, Shraddha Kapoor, Aparshakti Khurana, Pankaj Tripathi",Amar Kaushik,2018-08-31,2018,Stree
"Shefali Shah, Neeraj Kabi",Kanwal Sethi,2018-09-01,2018,Once Again
"Jackie Shroff, Sonu Sood, Arjun Rampal, Gurmeet Choudhary, Siddhanth Kapoor, Harshvardhan Rane, Luv Sinha, Esha Gupta, Monica Gill, Sonal Chauhan, Dipika Kakar, Aditii Arya Sharma",J. P. Dutta,2018-09-07,2018,Paltan
"Mir Sarwar, Avinash Tiwary, Tripti Dimri, Ruchika Kapoor",Sajid Ali,2018-09-07,2018,Laila Majnu
"Manoj Bajpayee, Ranvir Shorey, Neeraj Kabi, Shahana Goswami",Dipesh Jain,2018-09-07,2018,Gali Guleiyan
"Ranvir Shorey, Paoli Dam, Tathastu, Kumud Mishra",Nila Madhab Panda,2018-09-07,2018,Halkaa
"Abhishek Bachchan, Vicky Kaushal, Taapsee Pannu",Anurag Kashyap,2018-09-14,2018,Manmarziyaan
"Mrunal Thakur, Freida Pinto, Manoj Bajpayee, Rajkummar Rao, Richa Chadda, Anupam Kher, Adil Hussain, Sai Tamhankar",Tabrez Noorani,2018-09-14,2018,Love Sonia
"Jackky Bhagnani, Kritika Kamra, Pratik Gandhi, Neeraj Sood",Nitin Kakar,2018-09-14,2018,Mitron
,,2018-09-21,2018,
"Shahid Kapoor, Shraddha Kapoor, Divyendu Sharma, Yami Gautam",Shree Narayan Singh,2018-09-21,2018,Batti Gul Meter Chalu
"Nawazuddin Siddiqui, Tahir Raj Bhasin, Rasika Dugal, Rajshri Deshpande",Nandita Das,2018-09-21,2018,Manto
"Neil Nitin Mukesh, Richa Chaddha",Prerna Wadhawan,2018-09-21,2018,Ishqeria
"Varun Dhawan, Anushka Sharma",Sharat Katariya,2018-09-28,2018,Sui Dhaaga
"Sanya Malhotra, Sunil Grover, Radhika Madan",Vishal Bhardwaj,2018-09-28,2018,Pataakha
"Aayush Sharma, Warina Hussain",Abhiraj Minawala,2018-10-05,2018,Loveyatri
"Huma Qureshi,Sharib Hashmi,Veenah Naair",Piyush Gupta,2023-07-07,2023,Tarla
"Sonam Kapoor,Purab Kohli,Vinay Pathak,Lillete Dubey",Shome Makhija,2023-07-07,2023,Blind
"Saru Maini,Aamir Bashir,Rasheed Naz,Pawan Malhotra",Sanjay Puran Singh Chauhan,2023-07-07,2023,72 Hoorain
"Lara Dutta,Neena Gupta,Kanwaljit Singh,Shriya Pilgaonkar,Mohit Raina,Suhail Nayyar",Avishek Ghosh,2023-07-14,2023,Ishq-e-Nadaan
"Varun Dhawan,Janhvi Kapoor",Nitesh Tiwari,2023-07-21,2023,Bawaal
"Genelia Deshmukh,Manav Kaul,Shakti Kapoor,Sheeba Chadha,Gajraj Rao",Aleya Sen,2023-07-21,2023,Trial Period
"Shivankit Singh Parihar,Raghubir Yadav,Rajesh Sharma,Rucha Inamdar,Santosh Juvekar,Jaya Bhattacharya",Pratik Moitro,2023-07-21,2023,Minus 31: The Nagpur Files
"Karan Verma,Rajesh Sharma,Sayaji Shinde,Brijendra Kala,Zarina Wahab,Manoj Joshi,Alka Amin",Pushpendra Singh,2023-07-21,2023,Ajmer 92
"Ranveer Singh,Alia Bhatt,Jaya Bachchan,Dharmendra,Shabana Azmi,Tota Roy Chowdhury,Churni Ganguly,Anjali Anand,Aamir Bashir,Kshitee Jog",Karan Johar,2023-07-28,2023,Rocky Aur Rani Kii Prem Kahaani
"Raveena Tandon,Milind Soman,Vidhi Chitalia",Manish Gupta,2023-07-28,2023,One Friday Night
,,2023-08-01,2023,
"Brijendra Kala,Umesh Bajpai,Sagar Wahi,Purva Parag,Mahi Soni",Sannjoy Bhargv,2023-08-04,2023,Panch Kriti
"Anita Raj,Zarina Wahab,Vivek Anand Mishra,Kanchan Agnihotri,Mir Sarwar","Raja Randeep Giri,Dhiraj Mishra",2023-08-04,2023,Lafzon Mein Pyaar
"Sunny Deol,Ameesha Patel,Utkarsh Sharma",Anil Sharma,2023-08-11,2023,Gadar 2
"Akshay Kumar,Yami Gautam,Pankaj Tripathi,Arun Govil",Amit Rai,2023-08-11,2023,OMG 2
"Abhishek Bachchan,Saiyami Kher,Shabana Azmi,Angad Bedi",R. Balki,2023-08-18,2023,Ghoomer
"Annu Kapoor,Rajpal Yadav,Asrani,Manoj Joshi,Priyanshu Chatterjee,Veronica Vanij",Irshad Khan,2023-08-18,2023,Non Stop Dhamaal
"Ayushmann Khurrana,Ananya Panday,Annu Kapoor,Paresh Rawal,Vijay Raaz,Manoj Joshi,Rajpal Yadav,Asrani,Seema Pahwa,Manjot Singh,Abhishek Banerjee",Raaj Shaandilyaa,2023-08-25,2023,Dream Girl 2
"Nushrratt Bharuccha,Nishant Dahiya,Tsahi Halevi,Amir Boutrous",Pranay Meshram,2023-08-25,2023,Akelli
"Kalki Koechlin,Deepti Naval,Rajit Kapoor,Gordon Warnecke",Pushan Kripalani,2023-08-25,2023,Goldfish
"Juhi Chawla,Babil Khan,Amrith Jayan,Medha Rana,Aadhya Anand,Ninad Kamat",Vatsal Neelakantan,2023-09-01,2023,Friday Night Plan
"Rohit Raaj,Daisy Shah,Ameesha Patel,Arjun Rampal","Kalaiarasi Sathappan,Ganesh Mahadevan",2023-09-01,2023,Mystery of the Tattoo
"Kay Kay Menon,Swastika Mukherjee,Shriswara,Robin Das,Sumit Arora",Sudhanshu Sharma,2023-09-01,2023,Love All
"Shah Rukh Khan,Nayanthara,Vijay Sethupathi,Priyamani,Sanya Malhotra,Deepika Padukone",Atlee,2023-09-07,2023,Jawan
"Nawazuddin Siddiqui,Anurag Kashyap,Ila Arun",Akshat Ajay Sharma,2023-09-07,2023,Haddi
"Kareena Kapoor Khan,Jaideep Ahlawat,Vijay Varma",Sujoy Ghosh,2023-09-21,2023,Jaane Jaan
"Vicky Kaushal,Manushi Chhillar",Vijay Krishna Acharya,2023-09-22,2023,The Great Indian Family
"Shilpa Shetty,Amit Sadh,Kusha Kapila,Dilnaz Irani",Sonal Joshi,2023-09-22,2023,Sukhee
"Siddharth Pandey,Shivani Thakur,Zarina Wahab,Mukesh Tiwari,Govind Namdeo",Swarup Ghosh,2023-09-22,2023,The Purvanchal Files
"Yashpal Sharma,Preeti Jhangiani,Milind Gunaji,Rakesh Bedi",Anil Kulchainiya,2023-09-22,2023,The Rise Of Sudarshan Chakra
"Anupam Kher,Nana Patekar,Raima Sen,Pallavi Joshi",Vivek Agnihotri,2023-09-28,2023,The Vaccine War
"Pankaj Tripathi,Pulkit Samrat,Varun Sharma,Richa Chadha,Manjot Singh",Mrighdeep Singh,2023-09-28,2023,Fukrey 3
"Karan Hariharan,Paanie Kashyap",Pradeep R.K. Chaudhary,2023-09-28,2023,Pyaar Hai Toh Hai
"Ishtiyak Khan,Sanjay Mishra,Vikram Kochhar,Ipshita Chakraborty Singh,Faiz Mohammed Khan",Ishtiyak Khan,2023-09-29,2023,Dvand: The Internal Conflict
"Ishwak Singh,Mahima Makwana,Gaurav Pandey,Amala Akkineni,Gurpreet Saini",Abhishek Sinha,2023-09-29,2023,Tumse Na Ho Payega
"Rajveer Deol,Paloma",Avnish S. Barjatya,2023-10-05,2023,Dono
"Ravi Kishan, Gurleen Chopra, Preeti Jhangiani",Murari Sinha,2019-04-05,2019,Jai Chhathi Maa
"Manav Kaul,Nandita Das,Saurabh Shukla,Kishor Kadam",Soumitra Ranade,2019-04-12,2019,Albert Pinto Ko Gussa Kyun Aata Hai?
"Mithun Chakraborty,Naseeruddin Shah,Shweta Basu Prasad,Pankaj Tripathi,Vinay Pathak,Mandira Bedi,Pallavi Joshi,Ankur Rathee,Prakash Belawadi",Vivek Agnihotri,2019-04-12,2019,The Tashkent Files
"Raghubir Yadav, Ashok Samarth, Akhilendra Mishra",Tarun S. Bisht,2019-04-12,2019,Blackboard vs Whiteboard
"Madhuri Dixit,Sonakshi Sinha,Alia Bhatt,Varun Dhawan,Aditya Roy Kapur,Sanjay Dutt",Abhishek Varman,2019-04-17,2019,Kalank
"Manav Kaul,Divya Dutta,Neena Gupta",Sarthak Dasgupta,2019-04-19,2019,Music Teacher
"Sunny Deol,Karan Kapadia,Ishita Dutta",Behzad Khambata,2019-05-03,2019,Blank
"Aftab Shivdasani,Shreyas Talpade,Sonnalli Seygall,Ishita Dutta,Pavan Malhotra,Vijay Raaz,Jameel Khan,Manu Rishi",Ashwini Chaudhary,2019-05-03,2019,Setters
"Soni Razdan,Aahana Kumra,Pankaj Tripathi",Sanjoy Nag,2019-05-03,2019,Yours Truly
"Patralekha Paul,Divyendu Sharma",Ashwin Shetty,2019-05-10,2019,Badnaam Gali
"Parigna Pandya Shah,Julie Tejwani,Pinky Rajput,Rajesh Kava",Rajiv Chilaka,2019-05-10,2019,Chhota Bheem Kung Fu Dhamaka[a]
"Tiger Shroff,Tara Sutaria,Ananya Panday",Punit Malhotra,2019-05-10,2019,Student of the Year 2
"Satish Kaushik,Rashmi Somvanshi",Rajesh Amarlal Babbar,2019-05-17,2019,Chhoriyan Chhoron Se Kam Nahi Hoti
"Ajay Devgn,Tabu,Rakul Preet Singh,Javed Jaffrey,Jimmy Sheirgill",Akiv Ali,2019-05-17,2019,De De Pyaar De
"Arjun Kapoor,Sudev Nair,Rajesh Sharma,Prashanth Alexander,Shantilal Mukherjee",Rajkumar Gupta,2019-05-24,2019,India's Most Wanted
"Vivek Oberoi,Boman Irani,Manoj Joshi,Barkha Sengupta,Aanjjan Srivastav,Zarina Wahab,Suresh Oberoi",Omung Kumar,2019-05-24,2019,PM Narendra Modi
"Gavie Chahal,Mohan Aghashe,Mohan Joshi",Lomharsh,2019-05-24,2019,Yeh Hai India
"Abhay Deol,Mithila Palkar,Vijay Raaz",Sachin Yardi,2019-05-19,2019,Chopsticks
"Salman Khan,Tabu,Katrina Kaif,Sunil Grover,Disha Patani,Aasif Sheikh",Ali Abbas Zafar,2019-06-05,2019,Bharat
"Prabhu Deva,Tamannaah,Bhumika Chawla",Chakri Toleti,2019-06-14,2019,Khamoshi
"Pankaj Tripathi,Anupriya Goenka,Evelyn Sharma,Rahul Bagga,Mouli Ganguly,Zakir Hussain,Rajesh Sharma",Annant Jaaitpaal,2019-06-14,2019,Kissebaaz
"Khushboo Upadhyay,Rohit Kokate",Aadish Keluskar,2019-06-21,2019,Jaoon Kahan Bata Ae Dil
"Shahid Kapoor,Kiara Advani,Soham Majumdar,Arjan Bajwa,Kamini Kaushal,Nikita Dutta,Amit Sharma,Kunal Thakur,Swati Seth,Anusha Sampath,Suresh Oberoi",Sandeep Vanga,2019-06-21,2019,Kabir Singh
"Ayushmann Khurrana,Isha Talwar,Nassar,Manoj Pahwa,Sayani Gupta,Kumud Mishra,Mohammed Zeeshan Ayyub",Anubhav Sinha,2019-06-28,2019,Article 15
,,2019-06-01,2019,
,,2019-06-01,2019,
,,2019-06-01,2019,
"Meezaan Jaffery,Sharmin Segal",Mangesh Hadawale,2019-07-05,2019,Malaal
"Ayushman Khurana, Tabu, Radhika Apte",Sriram Raghavan,2018-10-05,2018,Andhadhun
"Rhea Chakraborty, Digangana Suryavanshi, Varun Mitra",Pushpdeep Bhardwaj,2018-10-12,2018,Jalebi
"Kajol, Riddhi Sen, Neha Dhupia, Tota Roy Choudhury",Pradeep Sarkar,2018-10-12,2018,Helicopter Eela
"Govinda, Varun Sharma",Abhishek Dogra,2018-10-12,2018,FryDay
"Soham Shah,Harish Khanna, Anita Date",Rahi Anil Barve,2018-10-12,2018,Tumbbad
"Arjun Kapoor, Parineeti Chopra, Aditya Seal, Alankrita Sahai, Anil Mange, Satish Kaushik",Vipul Shah,2018-10-18,2018,Namaste England
"Ayushman Khurrana, Neena Gupta, Gajraj Rao, Surekha Sikri, Sanya Malhotra",Amit Ravindernath Sharma,2018-10-18,2018,Badhaai Ho
"Saif Ali Khan, Radhika Apte, Chitrangada Singh, Denzil Smith, Rohan Mehra, Sonia Balani",Gauravv K. Chawla,2018-10-26,2018,Baazaar
"Rajkummar Rao, Nargis Fakhri, Bo Derek, Candy Clark, Anneliese van der Pol, Suvinder Vicky",Namrata Singh Gujral,2018-10-26,2018,5 Weddings
"Sharman Joshi, Aishwarya Devan, Govind Namdev, Manoj Joshi, Manoj Pahwa, Akhilendra Mishra",Dhiraj Kumar,2018-10-26,2018,Kaashi in Search of Ganga
"Neil Nitin Mukesh, Tina Desai, Govind Namdev",Manish Vatsalya,2018-10-26,2018,Dassehra
"Amitabh Bachchan, Aamir Khan, Fatima Sana Shaikh, Katrina Kaif, Mohammed Zeeshan Ayyub",Vijay Krishna Acharya,2018-11-08,2018,Thugs of Hindostan
"Sunny Deol, Sakshi Tanwar, Ravi Kishan, Saurabh Shukla, Mukesh Tiwari, Rajendra Gupta, Mithilesh Chaturvedi",Chandraprakash Dwivedi,2018-11-16,2018,Mohalla Assi
"Myra Vishwakarma, Prerna Sharma",Vinod Kapri,2018-11-16,2018,Pihu
"Kunaal Roy Kapur, Karishma Sharma, Zeishan Quadri, Jaideep Ahlawat, Rajesh Sharma, Zakir Hussain",Vishal Mishra,2018-11-16,2018,Hotel Milan
"Emraan Hashmi, Khalid Abdalla, Geetanjali Thapa, Supriya Pathak",Danis Tanović,2018-11-21,2018,Tigers
"Sunny Deol, Preity Zinta, Ameesha Patel, Arshad Warsi, Shreyas Talpade, Evelyn Sharma",Neerraj Pathak,2018-11-23,2018,Bhaiaji Superhit
"Rajnikanth, Amy Jackson, Akshay Kumar, Adil Hussain, Sudhanshu Pandey",S Shankar,2018-11-29,2018,2.0
"Rishi Kapoor, Anirudh Tanwar, Amyra Dastur",Leena Yadav,2018-11-30,2018,Rajma Chawal
"Sushant Singh Rajput, Sara Ali Khan",Abhishek Kapoor,2018-12-07,2018,Kedarnath
"Priyanka Bose, Vaibhav Raj Gupta, Ankit Raaj, Anangsha Biswas, Santosh Juvekar",Samit Kakkad,2018-12-14,2018,Ascharyachakit!
"Shah Rukh Khan, Katrina Kaif, Anushka Sharma, Abhay Deol, Tigmanshu Dhulia",Aanand L. Rai,2018-12-21,2018,Zero
"Ranveer Singh, Sara Ali Khan, Sonu Sood",Rohit Shetty,2018-12-28,2018,Simmba
"Tabu,Ali Fazal,Wamiqa Gabbi,Ashish Vidyarthi,Azmeri Haque Badhon,Alexx O'Nell",Vishal Bharadwaj,2023-10-05,2023,Khufiya
"Akshay Kumar,Parineeti Chopra",Tinu Suresh Desai,2023-10-06,2023,Mission Raniganj
"Bhumi Pednekar,Shehnaaz Gill,Dolly Singh,Kusha Kapila,Shibani Bedi,Karan Kundrra,Tejaswi Dev Chaudhary,Saloni Daini",Karan Boolani,2023-10-06,2023,Thank You for Coming
"Raghubir Yadav,Seema Pahwa,Anuraag Malhan,Jamie Lever,Chahatt Khanna",Harish Vyas,2023-10-06,2023,Yaatris
"Ratna Pathak Shah,Dia Mirza,Fatima Sana Shaikh,Sanjana Sanghi",Tarun Dudeja,2023-10-13,2023,Dhak Dhak
"Sanjay Mishra,Heet Sharma,Subrat Dutta,Kalyanee Mulay",Ishrat R. Khan,2023-10-13,2023,Guthlee Ladoo
"Karan Patel,Ankita Bhargava Patel,Ashutosh Rana,Manoj Joshi,Saanand Verma,Smiriti Kalra",Bharat Ratan,2023-10-13,2023,Darran Chhoo
"Vinay Pathak,Masumeh Makhija,Manurishi Chaddha,Shrikant Verma,Satendra Soni,Sparsh Suman",Shiladitya Bora,2023-10-13,2023,Bhagwan Bharose
"Amitabh Bachchan,Tiger Shroff,Kriti Sanon,Elli AvrRam",Vikas Bahl,2023-10-20,2023,Ganapath
"Divya Khosla Kumar,Yash Daasguptaa,Pearl V Puri,Meezaan Jafri,Anaswara Rajan,Priya Prakash Varrier,Warina Hussain","Radhika Rao,Vinay Sapru",2023-10-20,2023,Yaariyan 2
"Vikrant Massey,Medha Shankar,Priyanshu Chatterjee,Harish Khanna",Vidhu Vinod Chopra,2023-10-27,2023,12th Fail
Kangana Ranaut,Sarvesh Mewara,2023-10-27,2023,Tejas
"Nimrat Kaur,Radhika Madan,Bhagyashree,Sumeet Vyas,Subodh Bhave,Chinmay Mandlekar",Mikhil Musale,2023-10-27,2023,Sajini Shinde Ka Viral Video
"Arifin Shuvoo,Nusrat Imrose Tisha,Nusraat Faria,Fazlur Rahman Babu,Shahidul Alam Sachchu",Shyam Benegal,2023-10-27,2023,Mujib: The Making of a Nation
"Abhishek Duhan,Rajniesh Duggall,Brijendra Kala,Vineet Kumar,Aanchal Munjal",Rakesh Chaturvedi Om,2023-10-27,2023,Mandali
"Abhimanyu Dassani,Mrunal Thakur,Paresh Rawal,Sharman Joshi,Divya Dutta,Abhishek Banerjee,Darshan Jariwala,Vijay Raaz",Umesh Shukla,2023-11-03,2023,Aankh Micholi
"Arjun Kapoor,Bhumi Pednekar",Ajay Bahl,2023-11-03,2023,The Lady Killer
"Ashutosh Rana,Bidita Bag,Tia Bajpai,Rajesh Jais",Durgesh Pathak,2023-11-03,2023,Lakeerein
"Darsheel Safary,Arun Govil,Sajjad Delafrooz,Gautam Vij,Mir Sarwar","Vinay Bharadwaj,Saumitra Singh",2023-11-03,2023,Hukus Bukus
"Raj Kundra,Kumar Saurabh",Shahnawaz Ali,2023-11-03,2023,UT 69
"Shefali Shah,Jaideep Ahlawat,Swanand Kirkire",Avinash Arun Dhaware,2023-11-03,2023,Three of Us
"Paresh Rawal,Shiv Panditt,Neena Kulkarni,Mimi Chakraborty","Shiboprosad Mukherjee,Nandita Roy",2023-11-03,2023,Shastry Viruddh Shastry
"Ishaan Khatter,Mrunal Thakur,Priyanshu Painyuli,Soni Razdan",Raja Krishna Menon,2023-11-10,2023,Pippa
"Salman Khan,Katrina Kaif,Emraan Hashmi",Maneesh Sharma,2023-11-12,2023,Tiger 3
"Tara Sutaria,Abhishek Banerjee,Rajpal Yadav,Dhairya Karwa",Nikhil Nagesh Bhat,2023-11-15,2023,Apurva
"Supriya Pathak,Rajeev Mehta,Anang Desai,Vandana Pathak,Kirti Kulhari,Jamnadas Majethia",Aatish Kapadia,2023-11-17,2023,Khichdi 2: Mission Paanthukistan
"Sharman Joshi,Annu Kapoor",Abhinav Pareek,2023-11-18,2023,Sab Moh Maaya Hai
"Alizeh Agnihotri,Zeyn Shaw,Sahil Mehta,Prasanna Bisht,Ronit Roy,Juhi Babbar",Soumendra Padhi,2023-11-24,2023,Farrey
"Khushalii Kumar,Milind Soman,Ehan Bhat,Tusharr Khanna",Akhilesh Jaiswal,2023-11-24,2023,Starfish
"Aarya Babbar,Ankit Bathla,Anu Mitra,Aman Yatan Verma",Sanjeev Kumar Rajput,2023-11-24,2023,Do Ajnabee
"Ranbir Kapoor,Rashmika Mandanna,Anil Kapoor,Bobby Deol,Tripti Dimri",Sandeep Reddy Vanga,2023-12-01,2023,Animal
"Vicky Kaushal,Sanya Malhotra,Fatima Sana Shaikh",Meghna Gulzar,2023-12-01,2023,Sam Bahadur
"Mihir Ahuja,Suhana Khan,Khushi Kapoor,Agastya Nanda,Vedang Raina,Aditi Saigal,Yuvraj Menda",Zoya Akhtar,2023-12-07,2023,The Archies
"Manoj Bajpayee,Mohammed Zeeshan Ayyub,Smita Tambe",Devashish Makhija,2023-12-08,2023,Joram
"Pankaj Tripathi,Parvathy Thiruvothu,Jaya Ahsan,Sanjana Sanghi,Dilip Shankar,Paresh Pahuja,Varun Buddhadev",Aniruddha Roy Chowdhury,2023-12-08,2023,Kadak Singh
"Jackie Shroff,Neena Gupta,Abhishek Chauhan,Monika Panwar,Rakhi Sawant,Faisal Malik",Vijay Maurya,2023-12-08,2023,Mast Mein Rehne Ka
"Nikhil Pandey,Jashn Agnihotri,Ratna Neelam Pandey,Brijendra Kala",Ratna Neelam Pandey Sandeep S. Choudhary,2023-12-15,2023,Kaisi Ye Dor
"Shah Rukh Khan,Taapsee Pannu,Vicky Kaushal,Boman Irani,Vikram Kochhar,Anil Grover",Rajkumar Hirani,2023-12-21,2023,Dunki
"Jitendra Kumar,Annu Kapoor,Shriya Pilgaonkar",Saurabh Shukla,2023-12-22,2023,Dry Day
"Adarsh Gourav,Siddhant Chaturvedi,Ananya Panday",Arjun Varain Singh,2023-12-26,2023,Kho Gaye Hum Kahan
"Abhay Verma,Meera Chopra",Sandeep Singh,2023-12-29,2023,Safed
"Anupam Kher,Esha Gupta,Kumud Mishra",Ashok Nanda,2019-07-05,2019,One Day: Justice Delivered
"Karanvir Bohra,Priya Banerjee,Samir Kochhar,Mahesh Balraj",Lalit Mohan,2019-07-05,2019,Hume Tumse Pyaar Kitna
"Kunaal Roy Kapur,Tara Alisha Berry,Rajesh Sharma",Vishal Mishra,2019-07-05,2019,Marudhar Express
"Hrithik Roshan,Mrunal Thakur,Amit Sadh,Pankaj Tripathi",Vikas Bahl,2019-07-12,2019,Super 30
"Jimmy Sheirgill,Mahie Gill,Saurabh Shukla,Sudhir Pandey,Supriya Pilgaonkar,Pavan Malhotra,Mukesh Tiwari,Nandish Singh,Yashpal Sharma,Pranati Rai Prakash,Raj Zutshi,Salil Acharya,Manoj Pahwa",Manoj K. Jha,2019-07-19,2019,Family of Thakurganj
"Rishi Kapoor,Omkar Kapoor,Sunny Singh,Jimmy Sheirgill,Lillete Dubey,Manoj Joshi",Smeep Kang,2019-07-19,2019,Jhootha Kahin Ka
"Kangana Ranaut,Rajkummar Rao,Jimmy Sheirgill,Amyra Dastur,Amrita Puri",Prakash Kovelamudi,2019-07-26,2019,Judgementall Hai Kya
"Diljit Dosanjh,Kriti Sanon,Varun Sharma,Ronit Roy",Rohit Jugraj,2019-07-26,2019,Arjun Patiala
"Sonakshi Sinha,Varun Sharma,Annu Kapoor,Badshah",Shilpi Dasgupta,2019-08-02,2019,Khandaani Shafakhana
"Amit Sadh,Manjari Fadnis",Bugs Bhargava,2019-08-07,2019,Barot House
"Sidharth Malhotra,Parineeti Chopra",Prashant Singh,2019-08-09,2019,Jabariya Jodi
"Ashutosh Rana,Nivedita Bhattacharya,Makrand Deshpande,Zakir Hussain,Aman Verma,Natalia Janoszek",Shekhar Sirrinn,2019-08-09,2019,Chicken Curry Law
"Rajeev Khandelwal,Sameksha,Shaji Chaudhary,Atul Kulkarni,Abhimanyu Singh,Vikram Gokhale",Sanjiv Jaiswal,2019-08-09,2019,Pranaam
"John Abraham,Mrunal Thakur",Nikhil Advani,2019-08-15,2019,Batla House
"Akshay Kumar,Vidya Balan,Sharman Joshi,Sonakshi Sinha,Taapsee Pannu,Kirti Kulhari,Nithya Menen",Jagan Shakti,2019-08-15,2019,Mission Mangal
"Mahie Gill,Sayani Gupta,Ragini Khanna",Suman Mukhopadhyay,2019-08-23,2019,Posham Pa
"Prabhas,Neil Nitin Mukesh,Shraddha Kapoor,Jackie Shroff",Sujeeth,2019-08-30,2019,Saaho[b]
"Sushant Singh Rajput,Shraddha Kapoor,Varun Sharma,Prateik Babbar,Tahir Raj Bhasin,Naveen Polishetty,Tushar Pandey,Saharsh Shukla",Nitesh Tiwari,2019-09-06,2019,Chhichhore
"Ayushmann Khurrana,Nushrat Bharucha",Raaj Shaandilyaa,2019-09-13,2019,Dream Girl
"Akshaye Khanna,Richa Chadha,Rahul Bhat,Meera Chopra",Ajay Bahl,2019-09-13,2019,Section 375
"Arbaaz Khan, Aindrita Ray, Vikas Verma, Govind Namdev",Chandrakant Singh,2019-09-19,2019,Main Zaroor Aaunga
"Sonam Kapoor,Dulquer Salmaan,Sanjay Kapoor",Abhishek Sharma,2019-09-20,2019,The Zoya Factor
"Karan Deol,Sahher Bambba",Sunny Deol,2019-09-20,2019,Pal Pal Dil Ke Paas
"Sanjay Dutt,Manisha Koirala,Jackie Shroff,Chunky Pandey,Ali Fazal,Amyra Dastur,Satyajeet Dubey",Deva Katta,2019-09-20,2019,Prassthanam
,,2019-09-01,2019,
"Hrithik Roshan,Tiger Shroff,Vaani Kapoor",Siddharth Anand,2019-10-02,2019,War
"Priyanka Chopra,Farhan Akhtar,Zaira Wasim,Rohit Suresh Saraf",Shonali Bose,2019-10-11,2019,The Sky Is Pink
"Vinay Pathak,Siddharth Menon,Ayesha Raza Mishra,Seethal Thakur",Sameer Hemant Joshi,2019-10-18,2019,Chappad Phaad Ke
"Sanaya Irani,Shivam Bhaargava",Vikram Bhatt,2019-10-18,2019,Ghost
"Saif Ali Khan,Manav Vij,Zoya Hussain,Deepak Dobriyal,Simone Singh",Navdeep Singh,2019-10-18,2019,Laal Kaptaan
"Jimmy Sheirgill,Kumud Mishra,Bhavesh Kumar",Manoj Tiwari,2019-10-18,2019,P Se Pyaar F Se Faraar
"Priyanshu Painyuli,Chandrachoor Rai,Shadab Kamal,Sheetal Thakur",Udai Singh Pawar,2019-10-18,2019,Upstarts
"Prateik Babbar,Siddhanth Kapoor,Ishita Raj Sharma",Ovais Khan,2019-10-18,2019,Yaaram
"Priyanshu Chatterjee,Raai Laxmi",Arshad Siddiqui,2019-10-18,2019,Officer Arjun Singh IPS Batch 2000
"Raghubir Yadav, Diiva Dhanoya, Shakti Kumar",Banty Dubey,2019-10-18,2019,Jacqueline I Am Coming
"Akshay Kumar,Ritesh Deshmukh,Bobby Deol,Kriti Sanon,Pooja Hegde,Kriti Kharbanda,Chunky Pandey,Ranjeet,Rana Daggubati",Farhad Samji,2019-10-25,2019,Housefull 4
"Aparshakti Khurana,Divyenndu,Harsh Mayar,Vijay Raaz,Rajshri Deshpande,Harshita Gaur",Ashish Aryan,2019-10-25,2019,Kanpuriye
"Rajkummar Rao,Mouni Roy,Boman Irani,Gajraj Rao,Sumeet Vyas,Amyra Dastur,Paresh Rawal",Mikhil Musale,2019-10-25,2019,Made in China
"Bhumi Pednekar,Taapsee Pannu,Prakash Jha,Vineet Kumar Singh",Tushar Hiranandani,2019-10-25,2019,Saand Ki Aankh
"Sushant Singh Rajput,Jacqueline Fernandez,Vikramjeet Virk,Sapna Pabbi,Boman Irani,Pankaj Tripathi",Tarun Mansukhani,2019-11-01,2019,Drive
"Sunny Singh,Maanvi Gagroo,Karishma Sharma,Aishwarya Sakhuja",Abhishek Pathak,2019-11-01,2019,Ujda Chaman
"Ayushmann Khurrana,Bhumi Pednekar,Yami Gautam,Saurabh Shukla,Javed Jaffrey,Seema Pahwa",Amar Kaushik,2019-11-08,2019,Bala
"Neil Nitin Mukesh,Adah Sharma,Shama Sikander,Gul Panag,Rajit Kapur,Sudhanshu Pandey",Naman Nitin Mukesh,2019-11-08,2019,Bypass Road
"Nivin Pauly,Sanjana Dipu,Shashank Arora,Sobhita Dhulipala,Dileesh Pothan,Jim Sarbh,Roshan Mathew",Geetu Mohandas,2019-11-08,2019,Moothon[c]
"Sooraj Pancholi,Megha Akash",Irfan Kamal,2019-11-08,2019,Satellite Shankar
"Boman Irani,Tannishtha Chatterjee,Divya Dutta,Sanjay Suri,Yatin Karyekar,Akhilendra Mishra,Govind Namdev,Joy Sengupta",Brahmanand S. Siingh,2019-11-14,2019,Jhalki
"Ali Fazal,Shriya Pilgaonkar,Jim Sarbh",Shashanka Ghosh and Samit Basu,2019-11-15,2019,House Arrest
"Kiran Kumar,Shahbaz Khan",Raama Mehra,2019-11-15,2019,Keep Safe Distance
"Sidharth Malhotra,Riteish Deshmukh,Tara Sutaria,Rakul Preet Singh",Milap Milan Zaveri,2019-11-15,2019,Marjaavaan
"Nawazuddin Siddiqui,Athiya Shetty",Debamitra Biswal,2019-11-15,2019,Motichoor Chaknachoor
"Krishna Abhishek,Kashmera Shah,Rishaab Chauhaan",Kashmera Shah,2019-11-15,2019,Marne Bhi Do Yaaron
"Anil Kapoor,John Abraham,Ileana D'Cruz,Arshad Warsi,Pulkit Samrat,Kriti Kharbanda,Urvashi Rautela,Saurabh Shukla",Anees Bazmee,2019-11-22,2019,Pagalpanti
"Vidyut Jammwal,Adah Sharma,Angira Dhar,Gulshan Devaiah",Aditya Datt,2019-11-29,2019,Commando 3
"Vardhan Puri,Shivaleeka Oberoi",Cherag Ruparel,2019-11-29,2019,Yeh Saali Aashiqui
"Sanjay Dutt,Arjun Kapoor,Kriti Sanon,Mohnish Bahl",Ashutosh Gowariker,2019-12-06,2019,Panipat
"Kartik Aaryan,Bhumi Pednekar,Ananya Panday",Mudassar Aziz,2019-12-06,2019,Pati Patni Aur Woh
"Rani Mukerji,Vikram Singh Chauhan,Shruti Bapna,Rajesh Sharma,Sudhanshu Pandey",Gopi Puthran,2019-12-13,2019,Mardaani 2
"Emraan Hashmi,Rishi Kapoor,Vedhika,Sobhita Dhulipala",Jeethu Joseph,2019-12-13,2019,The Body
"Salman Khan,Sonakshi Sinha,Sudeep,Saiee Manjrekar,Arbaaz Khan",Prabhu Deva,2019-12-20,2019,Dabangg 3
"Brendan Fraser,Abhay Deol,Ronit Roy,Neeraj Kabi,Prem Chopra,Ali Haji",Rohit Karn Batra,2019-12-20,2019,Line of Descent[d]
"Pankaj Kapoor,Supriya Pathak,Hrishitaa Bhatt",Bhavna Talwar,2019-12-25,2019,Happi
"Akshay Kumar,Kareena Kapoor,Diljit Dosanjh,Kiara Advani",Raj Mehta,2019-12-27,2019,Good Newwz
